Fecha(dd/mm/aaaa),Piso (COP/USD),Punto medio (COP/USD),Techo (COP/USD)
1994-01-24,"759,2","816,34","873,49"
1994-01-25,"759,52","816,69","873,86"
1994-01-26,"759,84","817,03","874,22"
1994-01-27,"760,16","817,37","874,59"
1994-01-28,"760,48","817,72","874,96"
1994-01-31,"760,8","818,06","875,33"
1994-02-01,"761,12","818,41","875,7"
1994-02-02,"761,44","818,75","876,06"
1994-02-03,"761,76","819,1","876,43"
1994-02-04,"762,08","819,44","876,8"
1994-02-07,"762,4","819,79","877,17"
1994-02-08,"762,72","820,13","877,54"
1994-02-09,"763,04","820,48","877,91"
1994-02-10,"763,36","820,82","878,28"
1994-02-11,"763,69","821,17","878,65"
1994-02-14,"764,01","821,51","879,02"
1994-02-15,"764,33","821,86","879,39"
1994-02-16,"764,65","822,2","879,76"
1994-02-17,"764,97","822,55","880,13"
1994-02-18,"765,29","822,9","880,5"
1994-02-21,"765,62","823,24","880,87"
1994-02-22,"765,94","823,59","881,24"
1994-02-23,"766,26","823,94","881,61"
1994-02-24,"766,58","824,25","881,98"
1994-02-25,"766,91","824,63","882,35"
1994-02-28,"767,23","824,98","882,73"
1994-03-01,"767,55","825,32","883,1"
1994-03-02,"767,87","825,67","883,47"
1994-03-03,"768,2","826,02","883,84"
1994-03-04,"768,52","826,37","884,21"
1994-03-07,"768,84","826,71","884,58"
1994-03-08,"769,17","827,06","884,96"
1994-03-09,"769,49","827,41","885,33"
1994-03-10,"769,82","827,76","885,7"
1994-03-11,"770,14","828,11","886,07"
1994-03-14,"770,46","828,46","886,45"
1994-03-15,"770,79","828,8","886,82"
1994-03-16,"771,11","829,15","887,57"
1994-03-17,"771,44","829,5","887,57"
1994-03-18,"771,76","829,85","887,94"
1994-03-22,"772,09","830,2","888,31"
1994-03-23,"772,41","830,55","888,69"
1994-03-24,"772,74","830,9","889,06"
1994-03-25,"773,06","831,25","889,44"
1994-03-28,"773,06","831,6","889,91"
1994-03-29,"773,71","831,95","890,19"
1994-03-30,"774,04","832,3","890,56"
1994-04-04,"774,36","832,65","890,94"
1994-04-05,"774,69",833,"891,31"
1994-04-06,"775,02","833,35","891,69"
1994-04-07,"775,34","833,7","892,06"
1994-04-08,"775,67","834,05","892,44"
1994-04-11,776,"834,4","892,81"
1994-04-12,"776,32","834,75","893,19"
1994-04-13,"776,65","835,11","893,56"
1994-04-14,"776,98","835,46","893,94"
1994-04-15,"777,3","835,81","894,32"
1994-04-18,"777,63","836,16","894,69"
1994-04-19,"777,96","836,51","895,07"
1994-04-20,"778,28","836,86","895,45"
1994-04-21,"778,61","837,22","895,82"
1994-04-22,"778,94","837,57","896,2"
1994-04-25,"779,27","837,92","896,58"
1994-04-26,"779,6","838,27","896,95"
1994-04-27,"779,92","838,63","897,33"
1994-04-28,"780,25","838,98","897,71"
1994-04-29,"780,58","839,33","898,09"
1994-05-02,"780,91","839,69","898,47"
1994-05-03,"781,24","840,04","898,84"
1994-05-04,"781,57","840,39","899,22"
1994-05-05,"781,9","840,75","899,6"
1994-05-06,"782,22","841,1","899,98"
1994-05-09,"782,55","841,46","900,36"
1994-05-10,"782,88","841,81","900,74"
1994-05-11,"783,21","842,16","901,12"
1994-05-12,"783,54","842,52","901,49"
1994-05-13,"783,87","842,87","901,87"
1994-05-17,"784,2","843,23","902,25"
1994-05-18,"784,53","843,58","902,63"
1994-05-19,"784,86","843,94","903,01"
1994-05-20,"785,19","844,29","903,39"
1994-05-23,"785,52","844,65","903,77"
1994-05-24,"785,85",845,"904,15"
1994-05-25,"786,18","845,36","904,53"
1994-05-26,"786,52","845,72","904,92"
1994-05-27,"786,85","846,07","905,3"
1994-05-30,"787,18","846,43","905,68"
1994-05-31,"787,51","846,78","906,06"
1994-06-01,"787,54","847,14","906,44"
1994-06-02,"788,17","847,5","906,82"
1994-06-03,"788,5","847,85","907,2"
1994-06-07,"788,84","848,21","907,58"
1994-06-08,"789,17","848,57","907,97"
1994-06-09,"789,5","848,92","908,35"
1994-06-10,"789,83","849,28","908,73"
1994-06-14,"790,16","849,64","909,11"
1994-06-15,"790,5",850,"909,5"
1994-06-16,"790,83","850,35","909,88"
1994-06-17,"791,16","850,71","910,26"
1994-06-20,"791,5","851,07","910,65"
1994-06-21,"791,83","851,43","911,03"
1994-06-22,"792,16","851,79","911,41"
1994-06-23,"792,5","852,15","911,8"
1994-06-24,"792,83","852,5","912,18"
1994-06-27,"793,16","852,86","912,56"
1994-06-28,"793,5","853,22","912,95"
1994-06-29,"793,83","853,58","913,33"
1994-06-30,"794,16","853,94","913,72"
1994-07-01,"794,5","854,3","914,1"
1994-07-05,"794,83","854,66","914,49"
1994-07-06,"795,16","855,02","914,87"
1994-07-07,"795,5","855,38","915,26"
1994-07-08,"795,84","855,74","915,64"
1994-07-11,"796,17","856,1","916,03"
1994-07-12,"796,51","856,46","916,41"
1994-07-13,"796,84","856,82","916,8"
1994-07-14,"797,18","857,18","917,18"
1994-07-15,"797,51","857,54","917,57"
1994-07-18,"797,85","857,9","917,96"
1994-07-19,"798,19","858,26","918,34"
1994-07-21,"798,52","858,62","918,73"
1994-07-22,"798,86","858,99","919,12"
1994-07-25,"799,19","859,35","919,5"
1994-07-26,"799,53","859,71","919,89"
1994-07-27,"799,87","860,07","920,28"
1994-07-28,"800,2","860,43","920,66"
1994-07-29,"800,54","860,8","921,05"
1994-08-01,"800,88","861,16","921,44"
1994-08-02,"801,21","861,52","921,83"
1994-08-03,"801,55","861,88","922,21"
1994-08-04,"801,89","862,25","922,6"
1994-08-05,"802,23","862,61","922,99"
1994-08-08,"802,56","862,97","923,38"
1994-08-09,"802,9","863,33","923,77"
1994-08-10,"803,24","863,7","924,16"
1994-08-11,"803,58","864,06","924,55"
1994-08-12,"803,92","864,43","924,94"
1994-08-16,"804,25","864,79","925,32"
1994-08-17,"804,59","865,15","925,71"
1994-08-18,"804,93","865,52","926,1"
1994-08-19,"805,27","865,88","926,49"
1994-08-22,"805,61","866,25","926,88"
1994-08-23,"805,95","866,61","927,27"
1994-08-24,"806,29","866,98","927,66"
1994-08-25,"806,63","867,34","928,05"
1994-08-26,"806,97","867,71","928,44"
1994-08-29,"807,31","868,07","928,84"
1994-08-30,"807,65","868,44","929,23"
1994-08-31,"807,99","868,8","929,62"
1994-09-01,"808,33","869,17","930,01"
1994-09-02,"808,67","869,53","930,4"
1994-09-05,"809,01","869,9","930,79"
1994-09-06,"809,35","870,26","931,18"
1994-09-07,"809,69","870,63","931,58"
1994-09-08,"810,03",871,"931,97"
1994-09-09,"810,37","871,36","932,36"
1994-09-12,"810,71","871,73","932,75"
1994-09-13,"811,05","872,1","933,14"
1994-09-14,"811,39","872,47","933,54"
1994-09-15,"811,73","872,83","933,93"
1994-09-16,"812,08","873,2","934,32"
1994-09-19,"812,42","873,57","934,72"
1994-09-20,"812,76","873,93","935,11"
1994-09-21,"813,1","874,3","935,5"
1994-09-22,"813,44","874,67","935,9"
1994-09-23,"813,79","875,04","936,29"
1994-09-26,"814,13","875,41","936,69"
1994-09-27,"814,47","875,78","937,08"
1994-09-28,"814,81","876,14","937,47"
1994-09-29,"815,16","876,51","937,87"
1994-09-30,"815,5","876,88","938,26"
1994-10-03,"815,84","877,25","938,66"
1994-10-04,"816,19","877,62","939,05"
1994-10-05,"816,53","877,99","939,45"
1994-10-06,"816,87","878,36","939,84"
1994-10-07,"817,22","878,73","940,24"
1994-10-10,"817,56","879,1","940,64"
1994-10-11,"817,91","879,47","941,03"
1994-10-12,"818,25","879,84","941,43"
1994-10-13,"818,59","880,21","941,82"
1994-10-14,"818,94","880,58","942,22"
1994-10-18,"819,28","880,95","942,62"
1994-10-19,"819,63","881,32","943,01"
1994-10-20,"819,97","881,69","943,41"
1994-10-21,"820,32","882,06","943,81"
1994-10-24,"820,66","882,43","944,2"
1994-10-25,"821,01","882,81","944,6"
1994-10-26,"821,35","883,18",945
1994-10-27,"821,7","883,55","945,4"
1994-10-28,"822,05","883,92","945,8"
1994-10-31,"822,39","884,29","946,19"
1994-11-01,"822,74","884,67","946,59"
1994-11-02,"823,08","885,04","946,99"
1994-11-03,"823,43","885,41","947,39"
1994-11-04,"823,78","885,78","947,79"
1994-11-08,"824,12","886,16","948,19"
1994-11-09,"824,47","886,53","948,59"
1994-11-10,"824,82","886,9","948,98"
1994-11-11,"825,17","887,27","949,38"
1994-11-15,"825,51","887,65","949,78"
1994-11-16,"825,86","888,02","950,18"
1994-11-17,"826,21","888,4","950,58"
1994-11-18,"826,56","888,77","950,98"
1994-11-21,"826,9","889,14","951,38"
1994-11-22,"827,25","889,52","951,78"
1994-11-23,"827,6","889,89","952,18"
1994-11-24,"827,95","890,27","952,59"
1994-11-25,"828,3","890,64","952,99"
1994-11-28,"828,65","891,02","953,39"
1994-11-29,"828,99","891,39","953,79"
1994-11-30,"829,34","891,77","954,19"
1994-12-01,"829,69","892,14","954,59"
1994-12-02,"830,04","892,52","954,99"
1994-12-05,"830,39","892,89","955,4"
1994-12-06,"830,74","893,27","955,8"
1994-12-07,"831,09","893,64","956,2"
1994-12-09,"831,44","894,02","956,6"
1994-12-12,"773,5647","831,79","890,0153"
1994-12-13,"773,98","832,23","890,49"
1994-12-14,"774,386567157867","832,67","890,960889095611"
1994-12-15,"774,797828123476","833,12","891,434060314106"
1994-12-16,"775,209307501423","833,56","891,907482824218"
1994-12-19,"775,621005407705",834,"892,381156759402"
1994-12-20,"776,032921958376","834,44","892,855082253186"
1994-12-21,"776,445057269555","834,89","893,329259439166"
1994-12-22,"776,857411457421","835,33","893,803688451011"
1994-12-23,"777,269984638214","835,77","894,278369422461"
1994-12-26,"777,682776928238","836,22","894,753302487327"
1994-12-27,"778,095788443856","836,66","895,22848777949"
1994-12-28,"778,509019301495","837,11","895,703925432903"
1994-12-29,"778,922469617644","837,55","896,17961558159"
1995-01-02,"779,264625308175","837,92","896,573278580374"
1995-01-03,"779,673366292537","838,36","897,043550465607"
1995-01-04,"780,082321670298","838,8","897,514069018515"
1995-01-05,"780,491491553913","839,24","897,984834368481"
1995-01-06,"780,900876055895","839,68","898,455846644954"
1995-01-10,"781,310475288815","840,12","898,927105977454"
1995-01-11,"781,720289365305","840,56","899,398612495565"
1995-01-12,"782,130318398054",841,"899,870366328943"
1995-01-13,"782,540562499811","841,44","900,34236760731"
1995-01-16,"782,951021783386","841,88","900,814616460455"
1995-01-17,"783,361696361645","842,32","901,287113018237"
1995-01-18,"783,772586347515","842,77","901,759857410582"
1995-01-19,"784,183691853983","843,21","902,232849767486"
1995-01-20,"784,595012994092","843,65","902,706090219009"
1995-01-23,"785,006549880948","844,09","903,179578895285"
1995-01-24,"785,418302627715","844,54","903,653315926511"
1995-01-25,"785,830271347615","844,98","904,127301442955"
1995-01-26,"786,242456153932","845,42","904,601535574953"
1995-01-27,"786,654857160006","845,87","905,07601845291"
1995-01-30,"787,06747447924","846,31","905,550750207297"
1995-01-31,"787,480308225094","846,75","906,025730968657"
1995-02-01,"787,893358511089","847,197159689343","906,500960867597"
1995-02-02,"788,306625450805","847,641532742801","906,976440034797"
1995-02-03,"788,720109157881","848,086138879442","907,452168601003"
1995-02-06,"789,133809746016","848,530978221523","907,928146697029"
1995-02-07,"789,547727328969","848,976050891365","908,404374453761"
1995-02-08,"789,961862020559","849,421357011354","908,880852002149"
1995-02-09,"790,376213934664","849,86689670394","909,357579473216"
1995-02-10,"790,790783185221","850,312670091636","909,83455699805"
1995-02-13,"791,205569886229","850,75867729702","910,311784707811"
1995-02-14,"791,620574151743","851,204918442735","910,789262733726"
1995-02-15,"792,035796095883","851,651393651487","911,266991207091"
1995-02-16,"792,451235832825","852,098103046048","911,744970259271"
1995-02-17,"792,866893476805","852,545046749253","912,2232000217"
1995-02-20,"793,282769142121","852,992224884001","912,701680625882"
1995-02-21,"793,69886294313","853,439637573258","913,180412203386"
1995-02-22,"794,115174994249","853,887284940052","913,659394885856"
1995-02-23,"794,531705409954","854,335167107477","914,138628805"
1995-02-24,"794,948454304782","854,78328419869","914,618114092598"
1995-02-27,"795,36542179333","855,231636336914","915,097850880498"
1995-02-28,"795,782607990256","855,680223645436","915,577839300617"
1995-03-01,"796,200013010276","856,129046247609","916,058079484941"
1995-03-02,"796,617636968168","856,578104266848","916,538571565527"
1995-03-03,"797,03547997877","857,027397826634","917,019315674499"
1995-03-06,"797,453542156979","857,476927050515","917,500311944051"
1995-03-07,"797,871823617754","857,926692062101","917,981560506448"
1995-03-08,"798,290324476112","858,376692985067","918,463061494022"
1995-03-09,"798,709044847134","858,826929943154","918,944815039175"
1995-03-10,"799,127984845957","859,277403060168","919,42682127438"
1995-03-13,"799,547144587781","859,728112459979","919,909080332178"
1995-03-14,"799,966524187866","860,179058266523","920,391592345179"
1995-03-15,"800,386123761533","860,630240603799","920,874357446065"
1995-03-16,"800,805943424162","861,081659595873","921,357375767584"
1995-03-17,"801,225983291195","861,533315366876","921,840647442557"
1995-03-21,"801,646243478133","861,985208041004","922,324172603874"
1995-03-22,"802,06672410054","862,437337742516","922,807951384492"
1995-03-23,"802,487425274038","862,88970459574","923,291983917442"
1995-03-24,"802,908347114311","863,342308725066","923,77627033582"
1995-03-27,"803,329489737103","863,79515025495","924,260810772797"
1995-03-28,"803,750853258221","864,248229309915","924,745605361609"
1995-03-29,"804,172437793528","864,701546014547","925,230654235565"
1995-03-30,"804,594243458953","865,155100493498","925,715957528043"
1995-03-31,"805,016270370483","865,608892871487","926,201515372491"
1995-04-03,"805,438518644166","866,062923273296","926,687327902427"
1995-04-04,"805,860988396111","866,517191823775","927,173395251439"
1995-04-05,"806,283679742488","866,971698647836","927,659717553185"
1995-04-06,"806,706592799528","867,426443870461","928,146294941393"
1995-04-07,"807,129727683524","867,881427616693","928,633127549861"
1995-04-10,"807,553084510829","868,336650011644","929,120215512459"
1995-04-11,"807,976663397855","868,79211118049","929,607558963124"
1995-04-12,"808,400464461079","869,247811248472","930,095158035866"
1995-04-17,"808,824487817037","869,7037503409","930,583012864763"
1995-04-18,"809,248733582326","870,159928583146","931,071123583966"
1995-04-19,"809,673201873603","870,616346100649","931,559490327694"
1995-04-20,"810,09789280759","871,073003018914","932,048113230238"
1995-04-21,"810,522806501067","871,529899463513","932,536992425959"
1995-04-24,"810,947943070876","871,987035560082","933,026128049287"
1995-04-25,"811,37330263392","872,444411434323","933,515520234725"
1995-04-26,"811,798885307164","872,902027212005","934,005169116845"
1995-04-27,"812,224691207635","873,359883018962","934,49507483029"
1995-04-28,"812,650720452419","873,817978981096","934,985237509772"
1995-05-02,"813,076973158666","874,276315224372","935,475657290078"
1995-05-03,"813,503449443585","874,734891874823","935,966334306061"
1995-05-04,"813,930149424449","875,193709058548","936,457268692646"
1995-05-05,"814,357073218592","875,652766901712","936,948460584831"
1995-05-08,"814,784220943407","876,112065530545","937,439910117683"
1995-05-09,"815,211592716351","876,571605071345","937,931617426339"
1995-05-10,"815,639188654943","877,031385650476","938,423582646009"
1995-05-11,"816,067008876761","877,491407394367","938,915805911973"
1995-05-12,"816,495053499448","877,951670429514","939,40828735958"
1995-05-15,"816,923322640707","878,41217488248","939,901027124254"
1995-05-16,"817,351816418301","878,872920879894","940,394025341487"
1995-05-17,"817,780534950059","879,33390854845","940,887282146842"
1995-05-18,"818,209478353867","879,795138014911","941,380797675955"
1995-05-19,"818,638646747677","880,256609406105","941,874572064532"
1995-05-22,"819,068040249501","880,718322848925","942,36860544835"
1995-05-23,"819,497658977411","881,180278470335","942,862897963258"
1995-05-24,"819,927503049546","881,642476397361","943,357449745176"
1995-05-25,"820,357572584101","882,104916757098","943,852260930095"
1995-05-26,"820,787867699337","882,567599676707","944,347331654076"
1995-05-30,"821,218388513576","883,030525283415","944,842662053255"
1995-05-31,"821,649135145203","883,493693704519","945,338252263835"
1995-06-01,"822,080107712662","883,957105067378","945,834102422095"
1995-06-02,"822,511306334462","884,420759499422","946,330212664381"
1995-06-05,"822,942731129174","884,884657128144","946,826583127114"
1995-06-06,"823,37438221543","885,348798081107","947,323213946785"
1995-06-07,"823,806259711924","885,81318248594","947,820105259956"
1995-06-08,"824,238363737415","886,277810470338","948,317257203262"
1995-06-09,"824,67069441072","886,742682162065","948,814669913409"
1995-06-12,"825,103251850723","887,207797688949","949,312343527175"
1995-06-13,"825,536036176366","887,673157178888","949,81027818141"
1995-06-14,"825,969047506656","888,138760759845","950,308474013034"
1995-06-15,"826,402285960662","888,604608559851","950,806931159041"
1995-06-16,"826,835751657515","889,070700707005","951,305649756496"
1995-06-20,"827,269444716409","889,537037329472","951,804629942535"
1995-06-21,"827,703365256601","890,003618555484","952,303871854368"
1995-06-22,"828,137513397408","890,470444513342","952,803375629276"
1995-06-23,"828,571889258213","890,937515331411","953,30314140461"
1995-06-27,"829,006492958459","891,404831138128","953,803169317796"
1995-06-28,"829,441324617653","891,872392061992","954,303459506332"
1995-06-29,"829,876384355364","892,340198231575","954,804012107785"
1995-06-30,"830,311672291225","892,808249775511","955,304827259797"
1995-07-04,"830,747188544931","893,276546822506","955,805905100081"
1995-07-05,"831,182933236238","893,745089501331","956,307245766424"
1995-07-06,"831,618906484967","894,213877940825","956,808849396683"
1995-07-07,"832,055108411002","894,682912269895","957,310716128788"
1995-07-10,"832,491539134289","895,152192617515","957,812846100741"
1995-07-11,"832,928198774837","895,621719112728","958,315239450619"
1995-07-12,"833,365087452717","896,091491884642","958,817896316567"
1995-07-13,"833,802205288065","896,561511062436","959,320816836806"
1995-07-14,"834,239552401079","897,031776775354","959,824001149629"
1995-07-17,"834,67712891202","897,502289152709","960,327449393399"
1995-07-18,"835,114934941211","897,973048323883","960,831161706555"
1995-07-19,"835,552970609041","898,444054418324","961,335138227607"
1995-07-21,"835,99123603596","898,915307565548","961,839379095136"
1995-07-24,"836,42973134248","899,38680789514","962,3438844478"
1995-07-25,"836,868456649179","899,858555536752","962,848654424325"
1995-07-26,"837,307412076698","900,330550620105","963,353689163512"
1995-07-27,"837,746597745738","900,802793274987","963,858988804236"
1995-07-28,"838,186013777067","901,275283631255","964,364553485443"
1995-07-31,"838,625660291515","901,748021818834","964,870383346152"
1995-08-01,"839,065537409976","902,221007967716","965,376478525456"
1995-08-02,"839,505645253405","902,694242207962","965,882839162519"
1995-08-03,"839,945983942823","903,167724669702","966,389465396581"
1995-08-04,"840,386553599313","903,641455483133","966,896357366952"
1995-08-08,"840,827354344024","904,11543477852","967,403515213017"
1995-08-09,"841,268386298165","904,589662686199","967,910939074233"
1995-08-10,"841,709649583011","905,064139336571","968,418629090131"
1995-08-11,"842,1511443199","905,538864860108","968,926585400315"
1995-08-14,"842,592870630234","906,013839387348","969,434808144462"
1995-08-15,"843,034828635476","906,489063048899","969,943297462322"
1995-08-16,"843,477018457158","906,964535975438","970,452053493719"
1995-08-17,"843,91944021687","907,44025829771","970,96107637855"
1995-08-18,"844,362094036271","907,916230146528","971,470366256784"
1995-08-22,"844,804980037079","908,392451652773","971,979923268467"
1995-08-23,"845,248098341079","908,868922947397","972,489747553715"
1995-08-24,"845,69144907012","909,345644161419","972,999839252718"
1995-08-25,"846,135032346112","909,822615425927","973,510198505742"
1995-08-28,"846,578848291032","910,299836872078","974,020825453123"
1995-08-29,"847,02289702692","910,777308631097","974,531720235273"
1995-08-30,"847,467178675879","911,255030834279","975,042882992678"
1995-08-31,"847,911693360078","911,733003612987","975,554313865896"
1995-09-01,"848,356441201748","912,211227098654","976,06601299556"
1995-09-04,"848,801422323186","912,689701422781","976,577980522375"
1995-09-05,"849,246636846752","913,168426716937","977,090216587123"
1995-09-06,"849,692084894869","913,647403112763","977,602721330656"
1995-09-07,"850,137766590027","914,126630741965","978,115494893902"
1995-09-08,"850,583682054779","914,606109736322","978,628537417864"
1995-09-11,"851,029831411742","915,08584022768","979,141849043617"
1995-09-12,"851,476214783597","915,565822347954","979,655429912311"
1995-09-13,"851,92283229309","916,046056229129","980,169280165168"
1995-09-14,"852,369684063031","916,52654200326","980,683399943488"
1995-09-15,"852,816770216296","917,007279802468","981,197789388641"
1995-09-18,"853,264090875822","917,488269758948","981,712448642075"
1995-09-19,"853,711646164614","917,969512004961","982,227377845308"
1995-09-20,"854,159436205739","918,451006672838","982,742577139937"
1995-09-21,"854,607461122331","918,932753894979","983,258046667628"
1995-09-22,"855,055721037586","919,414753803856","983,773786570126"
1995-09-25,"855,504216074766","919,897006532007","984,289796989247"
1995-09-26,"855,952946357199","920,379512212042","984,806078066884"
1995-09-27,"856,401912008274","920,862270976638","985,322629945003"
1995-09-28,"856,851113151448","921,345282958546","985,839452765644"
1995-09-29,"857,300549910241","921,828548290582","986,356546670923"
1995-10-02,"857,75022240824","922,312067105634","986,873911803028"
1995-10-03,"858,200130769093","922,795839536659","987,391548304225"
1995-10-04,"858,650275116517","923,279865716685","987,909456316853"
1995-10-05,"859,100655574291","923,764145778808","988,427635983324"
1995-10-06,"859,551272266261","924,248679856194","988,946087446128"
1995-10-09,"860,002125316335","924,733468082081","989,464810847827"
1995-10-10,"860,45321484849","925,218510589774","989,983806331058"
1995-10-11,"860,904540986765","925,70380751265","990,503074038535"
1995-10-12,"861,356103855264","926,189358984155","991,022614113046"
1995-10-13,"861,807903578159","926,675165137805","991,542426697451"
1995-10-17,"862,259940279683","927,161226107186","992,062511934689"
1995-10-18,"862,712214084139","927,647542025955","992,582869967772"
1995-10-19,"863,16472511589","928,134113027839","993,103500939787"
1995-10-20,"863,617473499368","928,620939246633","993,624404993897"
1995-10-23,"864,07045935907","929,108020816204","994,145582273338"
1995-10-24,"864,523682819555","929,59535787049","994,667032921424"
1995-10-25,"864,977144005452","930,082950543497","995,188757081542"
1995-10-26,"865,430843041452","930,570798969303","995,710754897154"
1995-10-27,"865,884780052312","931,058903282056","996,2330265118"
1995-10-30,"866,338955162856","931,547263615975","996,755572069093"
1995-10-31,"866,793368497972","932,035880105347","997,278391712721"
1995-11-01,"867,248020182614","932,524752884531","997,801485586448"
1995-11-02,"867,702910341801","933,013882087958","998,324853834115"
1995-11-03,"868,158039100618","933,503267850127","998,848496599636"
1995-11-07,"868,613406584216","933,992910305608","999,372414027001"
1995-11-08,"869,069012917811","934,482809589044","999,896606260277"
1995-11-09,"869,524858226685","934,972965835145","1000,42107344361"
1995-11-10,"869,980942636186","935,463379178694","1000,9458157212"
1995-11-14,"870,437266271727","935,954049754545","1001,47083323736"
1995-11-15,"870,893829258787","936,44497769762","1001,99612613645"
1995-11-16,"871,350631722911","936,936163142915","1002,52169456292"
1995-11-17,"871,807673789711","937,427606225495","1003,04753866128"
1995-11-20,"872,264955584862","937,919307080497","1003,57365857613"
1995-11-21,"872,722477234108","938,411265843127","1004,10005445215"
1995-11-22,"873,180238863257","938,903482648663","1004,62672643407"
1995-11-23,"873,638240598183","939,395957632455","1005,15367466673"
1995-11-24,"874,096482564828","939,888690929923","1005,68089929502"
1995-11-27,"874,554964889198","940,381682676557","1006,20840046392"
1995-11-28,"875,013687697366","940,874933007921","1006,73617831848"
1995-11-29,"875,472651115471","941,368442059646","1007,26423300382"
1995-11-30,"875,931855269717","941,862209967437","1007,79256466516"
1995-12-01,"876,391300286376","942,356236867071","1008,32117344777"
1995-12-04,"876,850986291786","942,850522894393","1008,850059497"
1995-12-05,"877,31091341235","943,345068185322","1009,3792229583"
1995-12-06,"877,771081774538","943,839872875848","1009,90866397716"
1995-12-07,"878,231491504887","944,334937102029","1010,43838269917"
1995-12-11,"878,69214273","944,830261","1010,96837927"
1995-12-12,"879,153035576545","945,325844705963","1011,49865383538"
1995-12-13,"879,614170171259","945,821688356192","1012,02920654113"
1995-12-14,"880,075546640943","946,317792087035","1012,56003753313"
1995-12-15,"880,537165112466","946,814156034909","1013,09114695735"
1995-12-18,"880,999025712763","947,310780336304","1013,62253495985"
1995-12-19,"881,461128568836","947,80766512778","1014,15420168672"
1995-12-20,"881,923473807753","948,304810545971","1014,68614728419"
1995-12-21,"882,386061556649","948,80221672758","1015,21837189851"
1995-12-22,"882,848891942726","949,299883809383","1015,75087567604"
1995-12-26,"883,311965093253","949,797811928229","1016,2836587632"
1995-12-27,"883,775281135564","950,296001221036","1016,81672130651"
1995-12-28,"884,238840197061","950,794451824797","1017,35006345253"
1995-12-29,"884,702642405213","950,794451824797","1017,88368534793"
1996-01-02,"885,159954840011","951,784897677431","1018,40984051485"
1996-01-03,"885,620449122307","952,280052819685","1018,93965651706"
1996-01-04,"886,081182971456","952,775465560705","1019,46974814995"
1996-01-05,"886,542156512088","953,271136034503","1020,00011555692"
1996-01-09,"887,003369868901","953,767064375163","1020,53075888142"
1996-01-10,"887,464823166657","954,263250716835","1021,06167826701"
1996-01-11,"887,926516530181","954,759695193743","1021,59287385731"
1996-01-12,"888,388450084366","955,256397940179","1022,12434579599"
1996-01-15,"888,850623954168","955,753359090503","1022,65609422684"
1996-01-16,"889,313038264608","956,250578779148","1023,18811929369"
1996-01-17,"889,775693140772","956,748057140615","1023,72042114046"
1996-01-18,"890,238588707813","957,245794309476","1024,25299991114"
1996-01-19,"890,701725090947","957,743790420373","1024,7858557498"
1996-01-22,"891,165102415455","958,242045608016","1025,31898880058"
1996-01-23,"891,628720806685","958,740560007188","1025,85239920769"
1996-01-24,"892,092580390049","959,239333752741","1026,38608711543"
1996-01-25,"892,556681291024","959,738366979596","1026,92005266817"
1996-01-26,"893,021023635154","960,237659822746","1027,45429601034"
1996-01-29,"893,485607548045","960,737212417253","1027,98881728646"
1996-01-30,"893,950433155372","961,237024898249","1028,52361664113"
1996-01-31,"894,415500582873","961,737097400938","1029,058694219"
1996-02-01,"894,880809956352","962,237430060593","1029,59405016483"
1996-02-02,"895,346361401679","962,738023012558","1030,12968462344"
1996-02-05,"895,812155044789","963,238876392246","1030,6655977397"
1996-02-06,"896,278191011683","963,739990335143","1031,2017896586"
1996-02-07,"896,744469428427","964,241364976803","1031,73826052518"
1996-02-08,"897,210990421152","964,743000452851","1032,27501048455"
1996-02-09,"897,677754116056","965,244896898985","1032,81203968191"
1996-02-12,"898,144760639402","965,74705445097","1033,34934826254"
1996-02-13,"898,612010117518","966,249473244643","1033,88693637177"
1996-02-14,"899,0795026768","966,752153415914","1034,42480415503"
1996-02-15,"899,547238443707","967,25509510076","1034,96295175781"
1996-02-16,"900,015217544765","967,758298435231","1035,5013793257"
1996-02-19,"900,483440106566","968,261763555448","1036,04008700433"
1996-02-20,"900,951906255768","968,7654905976","1036,57907493943"
1996-02-21,"901,420616119094","969,26947969795","1037,11834327681"
1996-02-22,"901,889569823334","969,773730992832","1037,65789216233"
1996-02-23,"902,358767495342","970,278244618647","1038,19772174195"
1996-02-26,"902,828209262041","970,783020711872","1038,7378321617"
1996-02-27,"903,297895250418","971,288059409052","1039,27822356769"
1996-02-28,"903,767825587527","971,793360846803","1039,81889610608"
1996-02-29,"904,238000400487","972,298925161814","1040,35984992314"
1996-03-01,"904,708419816483","972,804752490842","1040,9010851652"
1996-03-04,"905,179083962769","973,310842970719","1041,44260197867"
1996-03-05,"905,649992966661","973,817196738345","1041,98440051003"
1996-03-06,"906,121146955544","974,323813930693","1042,52648090584"
1996-03-07,"906,59254605687","974,830694684806","1043,06884331274"
1996-03-08,"907,064190398154","975,3378391378","1043,61148787745"
1996-03-11,"907,53608010698","975,84524742686","1044,15441474674"
1996-03-12,"908,008215310997","976,352919689245","1044,69762406749"
1996-03-13,"908,480596137923","976,860856062283","1045,24111598664"
1996-03-14,"908,953222715539","977,369056683375","1045,78489065121"
1996-03-15,"909,426095171694","977,877521689993","1046,32894820829"
1996-03-18,"909,899213634303","978,386251219681","1046,87328880506"
1996-03-19,"910,37257823135","978,895245410053","1047,41791258876"
1996-03-20,"910,846189090881","979,404504398797","1047,96281970671"
1996-03-21,"911,320046341014","979,914028323671","1048,50801030633"
1996-03-22,"911,794150109928","980,423817322503","1049,05348453508"
1996-03-26,"912,268500525874","980,933871533198","1049,59924254052"
1996-03-27,"912,743097717166","981,444191093727","1050,14528447029"
1996-03-28,"913,217941812186","981,954776142135","1050,69161047208"
1996-03-29,"913,693032939383","982,465626816541","1051,2382206937"
1996-04-01,"914,168371227273","982,976743255132","1051,78511528299"
1996-04-02,"914,643956804438","983,48812559617","1052,3322943879"
1996-04-03,"915,119789799528","983,999773977987","1052,87975815645"
1996-04-08,"915,595870341259","984,511688538988","1053,42750673672"
1996-04-09,"916,072198558414","985,02386941765","1053,97554027689"
1996-04-10,"916,548774579844","985,536316752521","1054,5238589252"
1996-04-11,"917,025598534466","986,049030682222","1055,07246282998"
1996-04-12,"917,502670551264","986,562011345445","1055,62135213963"
1996-04-15,"917,97999075929","987,075258880957","1056,17052700262"
1996-04-16,"918,457559287662","987,588773427594","1056,71998756753"
1996-04-17,"918,935376265567","988,102555124265","1057,26973398296"
1996-04-18,"919,413441822256","988,616604109953","1057,81976639765"
1996-04-19,"919,891756087051","989,130920523711","1058,37008496037"
1996-04-22,"920,37031918934","989,645504504666","1058,92068981999"
1996-04-23,"920,849131258576","990,160356192017","1059,47158112546"
1996-04-24,"921,328192424282","990,675475725034","1060,02275902579"
1996-04-25,"921,807502816047","991,190863243062","1060,57422367008"
1996-04-26,"922,28706256353","991,706518885516","1061,1259752075"
1996-04-29,"922,766871796453","992,222442791885","1061,67801378732"
1996-04-30,"923,246930644609","992,738635101731","1062,23033955885"
1996-05-02,"923,727239237858","993,255095954686","1062,78295267151"
1996-05-03,"924,207797706126","993,771825490458","1063,33585327479"
1996-05-06,"924,688606179409","994,288823848826","1063,88904151824"
1996-05-07,"925,169664787767","994,806091169642","1064,44251755152"
1996-05-08,"925,650973661332","995,32362759283","1064,99628152433"
1996-05-09,"926,1325329303","995,841433258388","1065,55033358647"
1996-05-10,"926,614342724938","996,359508306385","1066,10467388783"
1996-05-13,"927,096403175578","996,877852876965","1066,65930257835"
1996-05-14,"927,578714412621","997,396467110345","1067,21421980807"
1996-05-15,"928,061276566536","997,915351146812","1067,76942572709"
1996-05-16,"928,544089767859","998,43450512673","1068,3249204856"
1996-05-17,"929,027154147195","998,953929190532","1068,88070423387"
1996-05-21,"929,510469835217","999,473623478727","1069,43677712224"
1996-05-22,"929,994036962664","999,993588131897","1069,99313930113"
1996-05-23,"930,477855660346","1000,51382329069","1070,54979092104"
1996-05-24,"930,961926059139","1001,03432909585","1071,10673213256"
1996-05-27,"931,446248289987","1001,55510568816","1071,66396308633"
1996-05-28,"931,930822483904","1002,0761532085","1072,22148393309"
1996-05-29,"932,415648771969","1002,59747179782","1072,77929482366"
1996-05-30,"932,900727285333","1003,11906159713","1073,33739590893"
1996-05-31,"933,386058155212","1003,64092274754","1073,89578733987"
1996-06-03,"934,35662675308","1004,68454489579","1075,01246303849"
1996-06-04,"934,680660289667","1005,03296805341","1075,38527581714"
1996-06-05,"935,00480620062","1005,38151204368","1075,75821788673"
1996-06-06,"935,329064524909","1005,7301769085","1076,1312892921"
1996-06-07,"935,653435301519","1006,07896268981","1076,50449007809"
1996-06-11,"936,952043711342","1007,47531581865","1077,99858792595"
1996-06-12,"937,276977334804","1007,82470681162","1078,37243628843"
1996-06-13,"937,602023644779","1008,17421897288","1078,74641430098"
1996-06-14,"937,927182680349","1008,52385234446","1079,12052200857"
1996-06-18,"939,228946860627","1009,92359877487","1080,61825068911"
1996-06-19,"939,554670110832","1010,27383882885","1080,99300754687"
1996-06-20,"939,880506321392","1010,62420034558","1081,36789436977"
1996-06-21,"940,206455531482","1010,97468336719","1081,74291120289"
1996-06-24,"941,184981550882","1012,02686188267","1082,86874221446"
1996-06-25,"941,511383151108","1012,37783134528","1083,24427953945"
1996-06-26,"941,837897946941","1012,72892252359","1083,61994710024"
1996-06-27,"942,164525977637","1013,08013545982","1083,99574494201"
1996-06-28,"942,491267282464","1013,4314701962","1084,37167310993"
1996-07-02,"943,799366028965","1014,83802798813","1085,8766899473"
1996-07-03,"944,126674293975","1015,18997235911","1086,25327042425"
1996-07-04,"944,454096069022","1015,54203878389","1086,62998149877"
1996-07-05,"944,78163139347","1015,89422730481","1087,00682321614"
1996-07-08,"945,764919057078","1016,95152586783","1088,13813267857"
1996-07-09,"946,092908973056","1017,30420319683","1088,51549742061"
1996-07-10,"946,421012635466","1017,65700283383","1088,8929930322"
1996-07-11,"946,749230083754","1018,00992482124","1089,27061955873"
1996-07-12,"947,077561357383","1018,36296920149","1089,64837704559"
1996-07-15,"948,063238525121","1019,42283712379","1090,78243572245"
1996-07-16,"948,392025494991","1019,77637149999","1091,16071750499"
1996-07-17,"948,720926487709","1020,13002848141","1091,53913047511"
1996-07-18,"949,04994154282","1020,48380811056","1091,9176746783"
1996-07-19,"949,379070699879","1020,83771042998","1092,29635016008"
1996-07-22,"950,367143178522","1021,9001539554","1093,43316473228"
1996-07-23,"950,696729139217","1022,25454746152","1093,81236578383"
1996-07-24,"951,02642939985","1022,60906387081","1094,19169834176"
1996-07-25,"951,35624400006","1022,96370322587","1094,57116245168"
1996-07-26,"951,6861729795","1023,31846556936","1094,95075815921"
1996-07-29,"952,676646589934","1024,38349095692","1096,0903353239"
1996-07-30,"953,007033483096","1024,73874568075","1096,4704578784"
1996-07-31,"953,337534953958","1025,09412360641","1096,85071225886"
1996-08-01,"953,668151042256","1025,44962477662","1097,23109851098"
1996-08-02,"953,998881787739","1025,80524923413","1097,61161668052"
1996-08-05,"954,991762364994","1026,87286275806","1098,75396315112"
1996-08-06,"955,322952136983","1027,22898079245","1099,13500944793"
1996-08-08,"955,985676289205","1027,94158740775","1099,89749852629"
1996-08-09,"956,317210749116","1028,29807607432","1100,27894139952"
1996-08-12,"957,312504142404","1029,36828402409","1101,42406390578"
1996-08-13,"957,644498744309","1029,725267467","1101,80603618969"
1996-08-14,"957,976608481466","1030,08237471125","1102,18814094104"
1996-08-15,"958,308833393802","1030,43960579979","1102,57037820577"
1996-08-16,"958,641173521261","1030,79696077555","1102,95274802984"
1996-08-20,"959,97168698166","1032,22762041039","1104,48355383911"
1996-08-21,"960,304603784356","1032,58559546705","1104,86658714974"
1996-08-22,"960,637636042121","1032,94369466895","1105,24975329577"
1996-08-23,"960,970783794995","1033,30191805913","1105,63305232327"
1996-08-26,"961,970920424874","1034,37733379019","1106,7837471555"
1996-08-27,"962,304530558857","1034,73605436436","1107,16757816987"
1996-08-28,"962,638256388356","1035,09489934232","1107,55154229628"
1996-08-29,"962,972097953493","1035,4538687672","1107,9356395809"
1996-08-30,"963,306055294406","1035,81296268216","1108,31987006991"
1996-09-02,"964,308622373375","1036,89099179933","1109,47336122528"
1996-09-03,"964,643043219038","1037,25058410649","1109,85812499395"
1996-09-04,"964,977580041369","1037,61030111975","1110,24302219813"
1996-09-05,"965,312232880591","1037,97014288236","1110,62805288412"
1996-09-06,"965,647001776936","1038,33010943757","1111,0132170982"
1996-09-09,"966,652005211272","1039,41075829169","1112,16951137211"
1996-09-10,"966,987238738738","1039,77122445026","1112,55521016177"
1996-09-11,"967,32258852471","1040,13181561797","1112,94104271123"
1996-09-12,"967,658054609506","1040,49253183818","1113,32700906685"
1996-09-13,"967,993637033459","1040,85337315426","1113,71310927505"
1996-09-16,"969,001082743789","1041,9366481116","1114,87221347941"
1996-09-17,"969,337130927971","1042,29799024513","1115,25884956229"
1996-09-18,"969,67329565318","1042,65945769159","1115,64561973"
1996-09-19,"970,009576959833","1043,02105049444","1116,03252402906"
1996-09-20,"970,345974888361","1043,38276869716","1116,41956250596"
1996-09-23,"971,355868809702","1044,46867613946","1117,58148346923"
1996-09-24,"971,69273363031","1044,83089637668","1117,96905912305"
1996-09-25,"972,029715275155","1045,19324223135","1118,35676918754"
1996-09-26,"972,366813784749","1045,55571374704","1118,74461370934"
1996-09-27,"972,704029199623","1045,91831096734","1119,13259273505"
1996-09-30,"973,716377281416","1047,00685729184","1120,29733730227"
1996-10-01,"974,054060722973","1047,36995776664","1120,6858548103"
1996-10-02,"974,391861272662","1047,73318416415","1121,07450705564"
1996-10-03,"974,729778971097","1048,09653652806","1121,46329408503"
1996-10-04,"975,067813858905","1048,46001490205","1121,85221594519"
1996-10-07,"976,082622065045","1049,55120652155","1123,01979097806"
1996-10-08,"976,421126116895","1049,91518937301","1123,40925262912"
1996-10-09,"976,759747561465","1050,27929845319","1123,79884934491"
1996-10-10,"977,098486439465","1050,64353380588","1124,18858117229"
1996-10-11,"977,437342791622","1051,00789547486","1124,5784481581"
1996-10-15,"978,793943756823","1052,46660619013","1126,13926862344"
1996-10-16,"979,133388091143","1052,831600098","1126,52981210486"
1996-10-17,"979,472950144271","1053,19672058524","1126,9204910262"
1996-10-18,"979,812629957031","1053,56196769573","1127,31130543443"
1996-10-21,"980,832376361566","1054,65846920598","1128,4845620504"
1996-10-22,"981,172527621386","1055,0242232488","1128,87591887622"
1996-10-23,"981,512796845175","1055,3901041346","1129,26741142402"
1996-10-24,"981,853184073843","1055,75611190736","1129,65903974087"
1996-10-25,"982,193689348312","1056,12224661109","1130,05080387386"
1996-10-28,"983,215913855985","1057,22141274837","1131,22691164076"
1996-10-29,"983,556891723186","1057,58805561633","1131,61921950947"
1996-10-30,"983,897987841022","1057,95482563551","1132,01166342999"
1996-10-31,"984,239202250502","1058,32172285","1132,4042434495"
1996-11-01,"984,580534992649","1058,68874730392","1132,7969596152"
1996-11-05,"985,947050108876","1060,15811839664","1134,36918668441"
1996-11-06,"986,288975130209","1060,5257797099","1134,76258428959"
1996-11-07,"986,631018730647","1060,89356852758","1135,15611832451"
1996-11-08,"986,973180951316","1061,26148489389","1135,54978883646"
1996-11-12,"988,343016859244","1062,73442673037","1137,1258366015"
1996-11-13,"988,685772798405","1063,10298150366","1137,52019020892"
1996-11-14,"989,028647604834","1063,47166409122","1137,9146805776"
1996-11-15,"989,371641319753","1063,84047453737","1138,30930775498"
1996-11-18,"990,401336327899","1064,94767347086","1139,49401061382"
1996-11-19,"990,744806089296","1065,31699579494","1139,88918550059"
1996-11-20,"991,088394965514","1065,68644619948","1140,28449743344"
1996-11-21,"991,43210299786","1066,05602472888","1140,6799464599"
1996-11-22,"991,775930227659","1066,42573142759","1141,07553262752"
1996-11-25,"992,808127515214","1067,5356209841","1142,26311445299"
1996-11-26,"993,15243194834","1067,90584080467","1142,65924966099"
1996-11-27,"993,496855785748","1068,27618901693","1143,05552224812"
1996-11-28,"993,841399068849","1068,64666566543","1143,45193226201"
1996-11-29,"994,186061839066","1069,01727079469","1143,84847975032"
1996-12-02,"995,220767486863","1070,12985751276","1145,03894753865"
1996-12-03,"995,565908620066","1070,50097701082","1145,43604540158"
1996-12-04,"995,911169447719","1070,8722252126","1145,83328097748"
1996-12-05,"996,256550011331","1071,24360216272","1146,23065431411"
1996-12-06,"996,602050352427","1071,61510790584","1146,62816545924"
1996-12-09,"997,639270456075","1072,73039833987","1147,82152622366"
1996-12-10,"997,985250322635","1073,10241970176","1148,21958908088"
1996-12-11,"998,331350174517","1073,47457008013","1148,61778998573"
1996-12-12,"998,677570053331","1073,84684951971","1149,01612898609"
1996-12-13,"999,023910000701","1074,21925806527","1149,41460612984"
1996-12-16,"1000,06365067062","1075,33725878561","1150,61086690061"
1996-12-17,"1000,41047130876","1075,71018420297","1151,00989709717"
1996-12-18,"1000,7574122238","1076,08323895032","1151,40906567684"
1996-12-19,"1001,10447345745","1076,45642307252","1151,8083726876"
1996-12-20,"1001,45165505143","1076,82973661444","1152,20781817745"
1996-12-23,"1002,4939224129","1077,95045420741","1153,40698600193"
1996-12-24,"1002,84158586578","1079,07233819455","1153,80698588859"
1996-12-26,"1003,53727452093","1079,44655893208","1154,60740186817"
1996-12-27,"1003,88529980684","1080,57","1155,00781805733"
1996-12-30,"1004,93","1080,94474012449","1156,21"
1996-12-31,"1005,28","1080,94","1156,61"
1997-01-02,"1006,08515493398","1081,81199455267","1157,53883417135"
1997-01-03,"1006,47046819369","1082,22630988569","1157,98215157769"
1997-01-07,"1008,01319748113","1083,88515858186","1159,75711968259"
1997-01-08,"1008,39924914788","1084,30026790094","1160,20128665401"
1997-01-09,"1008,78544866576","1084,71553619974","1160,64562373372"
1997-01-10,"1009,17179609139","1085,13096353913","1161,09013098687"
1997-01-13,"1010,33172638137","1086,37820041008","1162,42467443879"
1997-01-14,"1010,7186660047","1086,79426452118","1162,86986303766"
1997-01-15,"1011,10575381922","1087,21048797766","1163,3152221361"
1997-01-16,"1011,49298988171","1087,62687084054","1163,76075179938"
1997-01-17,"1011,88037424892","1088,04341317088","1164,20645209284"
1997-01-20,"1013,04341774704","1089,29399757747","1165,54457740789"
1997-01-21,"1013,43139590138","1089,71117838859","1165,99096087579"
1997-01-22,"1013,81952264467","1090,12851897276","1166,43751530085"
1997-01-23,"1014,2077980338","1090,54601939118","1166,88424074856"
1997-01-24,"1014,5962221257","1090,96367970506","1167,33113728441"
1997-01-27,"1015,7623871877","1092,21762063193","1168,67285407617"
1997-01-28,"1016,15140666043","1092,63592114025","1169,12043562007"
1997-01-29,"1016,54057512091","1093,05438185045","1169,56818857998"
1997-01-30,"1016,92989262621","1093,47300282388","1170,01611302155"
1997-01-31,"1017,31935923339","1093,89178412192","1170,46420901045"
1997-02-03,"1018,4886542374","1095,14909057785","1171,8095269183"
1997-02-04,"1018,87871782339","1095,56851378859","1172,25830975379"
1997-02-05,"1019,26893079701","1095,98809763119","1172,70726446537"
1997-02-06,"1019,65929321546","1096,40784216716","1173,15639111886"
1997-02-07,"1020,04980513598","1096,82774745804","1173,60568978011"
1997-02-10,"1021,22223848267","1098,08842847599","1174,95461846931"
1997-02-11,"1021,61334898427","1098,50897740244","1175,40460582061"
1997-02-12,"1022,00460927445","1098,92968739188","1175,85476550931"
1997-02-13,"1022,39601941056","1099,35055850598","1176,3050976014"
1997-02-14,"1022,78757945001","1099,77159080647","1176,75560216292"
1997-02-17,"1023,96315956256","1101,03565544361","1178,10815132466"
1997-02-18,"1024,35531978965","1101,45733310715","1178,55934642466"
1997-02-19,"1024,74763020735","1101,87917226597","1179,01071432459"
1997-02-20,"1025,14009087317","1102,3011729819","1179,46225509064"
1997-02-21,"1025,53270184466","1102,72333531684","1179,91396878901"
1997-02-24,"1026,71143716886","1103,99079265469","1181,27014814052"
1997-02-25,"1027,10464993887","1104,41360208481","1181,72255423074"
1997-02-26,"1027,49801330259","1104,83657344364","1182,1751335847"
1997-02-27,"1027,89152731769","1105,25970679322","1182,62788626874"
1997-02-28,"1028,28519204187","1105,68300219556","1183,08081234925"
1997-03-03,"1029,4670910462","1106,95386134","1184,4406316338"
1997-03-04,"1029,86135918411","1107,37780557431","1184,89425196452"
1997-03-05,"1030,25577831992","1107,80191217196","1185,348046024"
1997-03-06,"1030,65034851145","1108,22618119511","1185,80201387877"
1997-03-07,"1031,04506981657","1108,65061270598","1186,2561555954"
1997-03-10,"1032,23014099221","1109,92488278732","1187,61962458244"
1997-03-11,"1032,62546733059","1110,3499648716","1188,07446241261"
1997-03-12,"1033,02094507214","1110,77520975499","1188,52947443784"
1997-03-13,"1033,41657427484","1111,20061749983","1188,98466072482"
1997-03-14,"1033,8123549967","1111,6261881685","1189,44002134029"
1997-03-17,"1035,00060685765","1112,90387834156","1190,80714982547"
1997-03-18,"1035,39699423667","1113,33010132975","1191,26320842283"
1997-03-19,"1035,79353342521","1113,75648755399","1191,71944168277"
1997-03-20,"1036,19022448143","1114,1830370768","1192,17584967218"
1997-03-21,"1036,58706746347","1114,60974996072","1192,63243245798"
1997-03-25,"1038,17595981401","1116,31823635915","1194,46051290429"
1997-03-26,"1038,57356329844","1116,74576698756","1194,91797067669"
1997-03-31,"1040,56386601641","1118,885877437","1197,20788885759"
1997-04-01,"1040,96238402772","1119,31439142766","1197,6663988276"
1997-04-02,"1041,36105466456","1119,74306953178","1198,12508439901"
1997-04-03,"1041,75987798537","1120,17191181223","1198,58394563908"
1997-04-04,"1042,15885404863","1120,60091833186","1199,04298261509"
1997-04-07,"1043,35669927823","1121,88892395508","1200,42114863194"
1997-04-08,"1043,7562868965","1122,31858806075","1200,88088922501"
1997-04-09,"1044,15602754994","1122,74841672037","1201,34080589079"
1997-04-10,"1044,55592129715","1123,17840999694","1201,80089869673"
1997-04-11,"1044,95596819678","1123,60856795352","1202,26116771027"
1997-04-14,"1046,15702839674","1124,90003053413","1203,64303267152"
1997-04-15,"1046,55768849276","1125,33084784168","1204,1040071906"
1997-04-16,"1046,95850203469","1125,76183014483","1204,56515825497"
1997-04-17,"1047,35946908129","1126,19297750676","1205,02648593224"
1997-04-18,"1047,76058969135","1126,6242899907","1205,48799029005"
1997-04-21,"1048,96487349055","1127,91921880704","1206,87356412353"
1997-04-22,"1049,36660894281","1128,35119241162","1207,33577588043"
1997-04-23,"1049,76849825281","1128,78333145464","1207,79816465646"
1997-04-24,"1050,17054147949","1129,21563599946","1208,26073051942"
1997-04-25,"1050,57273868179","1129,64810610946","1208,72347353712"
1997-04-28,"1051,78025473223","1130,94651046477","1210,1127661973"
1997-04-29,"1052,18306842694","1131,37964346983","1210,57621851272"
1997-04-30,"1052,58603639235","1131,81294235737","1211,03984832238"
1997-05-02,"1053,39243537161","1132,68003803399","1211,96764069636"
1997-05-05,"1054,60319234853","1133,98192725648","1213,36066216444"
1997-05-06,"1055,00708717965","1134,41622277382","1213,82535836798"
1997-05-07,"1055,41113669553","1134,85068461884","1214,29023254216"
1997-05-08,"1055,8153409554","1135,28531285526","1214,75528475513"
1997-05-09,"1056,21970001852","1135,7201075468","1215,22051507508"
1997-05-13,"1057,83868548971","1137,46095213948","1217,08321878924"
1997-05-14,"1058,2438194589","1137,89658006333","1217,54934066776"
1997-05-15,"1058,6491085874","1138,33237482516","1218,01564106293"
1997-05-16,"1059,05455293465","1138,76833648887","1218,4821200431"
1997-05-19,"1060,27181788345","1140,07722353059","1219,88262917773"
1997-05-20,"1060,67788370037","1140,51385344126","1220,34982318215"
1997-05-21,"1061,08410503349","1140,95065057365","1220,8171961138"
1997-05-22,"1061,49048194238","1141,38761499181","1221,28474804123"
1997-05-23,"1061,89701448661","1141,8247467598","1221,75247903299"
1997-05-26,"1063,11754652756","1143,13714680383","1223,1567470801"
1997-05-27,"1063,52470220946","1143,57494861233","1223,62519501519"
1997-05-28,"1063,93201382497","1144,01291809136","1224,09382235776"
1997-05-29,"1064,3394814338","1144,45105530516","1224,56262917652"
1997-05-30,"1064,74710509569","1144,88936031795","1225,0316155402"
1997-06-03,"1066,37916146958","1146,64425964471","1226,90935781984"
1997-06-04,"1066,78756629374","1147,08340461693","1227,37924294011"
1997-06-05,"1067,19612752991","1147,52271777409","1227,84930801828"
1997-06-06,"1067,60484523798","1147,96219918062","1228,31955312327"
1997-06-10,"1069,24128198819","1149,72180858946","1230,20233519072"
1997-06-11,"1069,65078295515","1150,16213220983","1230,67348146452"
1997-06-12,"1070,0604407539","1150,60262446656","1231,14480817922"
1997-06-13,"1070,47025544453","1151,04328542423","1231,61631540393"
1997-06-16,"1071,70064146863","1152,36628114906","1233,0319208295"
1997-06-17,"1072,11108432784","1152,80761755681","1233,50415078579"
1997-06-18,"1072,52168437958","1153,2491229888","1233,97656159801"
1997-06-19,"1072,93244168406","1153,69079750975","1234,44915333543"
1997-06-20,"1073,34335630151","1154,13264118442","1234,92192606733"
1997-06-23,"1074,57704463421","1155,45918777872","1236,34133092323"
1997-06-24,"1074,98858910621","1155,90170871636","1236,8148283265"
1997-06-25,"1075,40029119265","1156,34439913189","1237,28850707112"
1997-06-26,"1075,81215095389","1156,7872590902","1237,76236722652"
1997-06-27,"1076,22416845031","1157,23028865625","1238,23640886218"
1997-07-01,"1077,87381699638","1159,00410429718","1240,13439159798"
1997-07-02,"1078,28662407533","1159,4479828767","1240,60934167807"
1997-07-03,"1078,69958925227","1159,89203145405","1241,08447365584"
1997-07-04,"1079,11271258775","1160,33625009436","1241,55978760096"
1997-07-07,"1080,35303215127","1161,66992704437","1242,98682193748"
1997-07-08,"1080,76678872686","1162,11482658802","1243,46286444918"
1997-07-09,"1081,18070376408","1162,55989652052","1243,93908927695"
1997-07-10,"1081,59477732362","1163,00513690712","1244,41549649062"
1997-07-11,"1082,00900946619","1163,45054781311","1244,89208616003"
1997-07-14,"1083,25265799955","1164,78780430059","1246,32295060164"
1997-07-15,"1083,66752508183","1165,23389793745","1246,80027079307"
1997-07-16,"1084,08255105103","1165,68016242047","1247,2777737899"
1997-07-17,"1084,49773596803","1166,12659781509","1247,75545966214"
1997-07-18,"1084,91307989369","1166,57320418676","1248,23332847983"
1997-07-21,"1086,16006633172","1167,91404981905","1249,66803330639"
1997-07-22,"1086,57604690123","1168,36134075401","1250,14663460679"
1997-07-23,"1086,99218678413","1168,80880299369","1250,62541920324"
1997-07-24,"1087,40848604142","1169,25643660368","1251,10438716593"
1997-07-25,"1087,82494473415","1169,70424164962","1251,58353856509"
1997-07-28,"1089,07527803566","1171,04868605985","1253,02209408404"
1997-07-29,"1089,49237508097","1171,49717750641","1253,50197993186"
1997-07-30,"1089,90963186725","1171,94584071747","1253,98204956769"
1997-07-31,"1090,32704845568","1172,3946757588","1254,46230306191"
1997-08-01,"1090,74462490747","1172,8436826962","1254,94274048494"
1997-08-04,"1091,99831405531","1174,19173554335","1256,38515703138"
1997-08-05,"1092,41653057299","1174,64143072365","1256,86633087431"
1997-08-06,"1092,83490726039","1175,09129812945","1257,34768899851"
1997-08-08,"1093,67214138971","1175,99154988141","1258,3109583731"
1997-08-11,"1094,92919539085","1177,34322085037","1259,7572463099"
1997-08-12,"1095,34853438552","1177,79412299519","1260,23971160485"
1997-08-13,"1095,7680339798","1178,24519782774","1260,72236167569"
1997-08-14,"1096,18769423519","1178,69644541418","1261,20519659317"
1997-08-15,"1096,60751521321","1179,14786582066","1261,68821642811"
1997-08-19,"1098,28840758314","1180,95527697112","1263,6221463591"
1997-08-20,"1098,70903309814","1181,40756247112","1264,1060918441"
1997-08-21,"1099,12981970546","1181,86002118867","1264,59022267187"
1997-08-22,"1099,55076746679","1182,3126531901","1265,0745389134"
1997-08-25,"1100,81457829216","1183,67158956147","1266,52860083077"
1997-08-26,"1101,23617128697","1184,12491536234","1267,0136594377"
1997-08-27,"1101,65792574462","1184,57841477917","1267,49890381371"
1997-08-28,"1102,07984172696","1185,03208787845","1267,98433402994"
1997-08-29,"1102,50191929584","1185,48593472671","1268,46995015757"
1997-09-01,"1103,7691221407","1186,84851843086","1269,92791472102"
1997-09-02,"1104,19184667483","1187,30306094068","1270,41427520653"
1997-09-03,"1104,61473310517","1187,75777753245","1270,90082195972"
1997-09-04,"1105,03778149372","1188,21266827282","1271,38755505192"
1997-09-05,"1105,46099190251","1188,6677332285","1271,8744745545"
1997-09-08,"1106,7315958709","1190,03397405474","1273,33635223857"
1997-09-09,"1107,15545498138","1190,48973653912","1273,82401809685"
1997-09-10,"1107,57947642258","1190,94567357267","1274,31187072275"
1997-09-11,"1108,00366025668","1191,40178522224","1274,79991018779"
1997-09-12,"1108,42800654587","1191,8580715547","1275,28813656353"
1997-09-15,"1109,70202076628","1193,22797931859","1276,75393787089"
1997-09-16,"1110,12701749825","1193,68496505189","1277,24291260552"
1997-09-17,"1110,55217699664","1194,14212580284","1277,73207460904"
1997-09-18,"1110,97749932378","1194,59946163848","1278,22142395317"
1997-09-19,"1111,40298454204","1195,05697262585","1278,71096070966"
1997-09-22,"1112,68041816746","1196,43055716931","1280,18069617116"
1997-09-23,"1113,10655557426","1196,88876943468","1280,67098329511"
1997-09-24,"1113,53285618433","1197,34715718745","1281,16145819057"
1997-09-25,"1113,95932006018","1197,80572049482","1281,65212092946"
1997-09-26,"1114,38594726435","1198,26445942403","1282,14297158371"
1997-09-29,"1115,66680947232","1199,6417306154","1283,61665175848"
1997-09-30,"1116,09409061547","1200,10117270481","1284,10825479415"
1997-10-01,"1116,52153539994","1200,56079075262","1284,6000461053"
1997-10-02,"1116,94914388838","1201,02058482621","1285,09202576405"
1997-10-03,"1117,37691614349","1201,480554993","1285,58419384251"
1997-10-06,"1118,6612161362","1202,8615227271","1287,061829318"
1997-10-07,"1119,08964408546","1203,32219794135","1287,55475179725"
1997-10-08,"1119,51823611523","1203,78304958626","1288,0478630573"
1997-10-09,"1119,94699228835","1204,24407772941","1288,54116317046"
1997-10-10,"1120,37591266769","1204,70528243837","1289,03465220906"
1997-10-14,"1122,09323750536","1206,55186828533","1291,0104990653"
1997-10-15,"1122,52297985959","1207,01395683827","1291,50493381695"
1997-10-16,"1122,95288679774","1207,47622236316","1291,99955792858"
1997-10-17,"1123,38295838283","1207,93866492777","1292,49437147271"
1997-10-20,"1124,67416165043","1209,32705553809","1293,97994942576"
1997-10-21,"1125,10489245409","1209,79020693988","1294,47552142567"
1997-10-22,"1125,53578822022","1210,25353572067","1294,97128322112"
1997-10-23,"1125,966849012","1210,71704194839","1295,46723488477"
1997-10-24,"1126,39807489263","1211,18072569099","1295,96337648936"
1997-10-27,"1127,69274369997","1212,57284268814","1297,45294167631"
1997-10-28,"1128,12463056849","1213,03723717042","1297,94984377235"
1997-10-29,"1128,55668284223","1213,50180950777","1298,44693617332"
1997-10-30,"1128,98890058454","1213,96655976832","1298,9442189521"
1997-10-31,"1129,42128385879","1214,4314880202","1299,44169218161"
1997-11-04,"1131,15247354346","1216,29298230479","1301,43349106613"
1997-11-05,"1131,58568542883","1216,75880153637","1301,93191764392"
1997-11-06,"1132,01906322688","1217,22479916868","1302,43053511049"
1997-11-07,"1132,45260700115","1217,69097527005","1302,92934353895"
1997-11-10,"1133,75423481707","1219,09057507212","1304,42691532716"
1997-11-11,"1134,18844313213","1219,55746573347","1304,92648833481"
1997-11-12,"1134,62281774148","1220,02453520589","1305,4262526703"
1997-11-13,"1135,05735870882","1220,49178355787","1305,92620840692"
1997-11-14,"1135,49206609785","1220,9592108579","1306,42635561795"
1997-11-18,"1137,23256114602","1222,83071090969","1308,42886067337"
1997-11-19,"1137,66810160006","1223,29903397856","1308,92996635706"
1997-11-20,"1138,10380885858","1223,76753640708","1309,43126395557"
1997-11-21,"1138,53968298547","1224,23621826395","1309,93275354242"
1997-11-24,"1139,84830721552","1225,64334109196","1311,43837496839"
1997-11-25,"1140,28484945519","1226,11274134966","1311,94063324414"
1997-11-26,"1140,721558883","1226,58232137957","1312,44308387614"
1997-11-27,"1141,15843556299","1227,05208125053","1312,94572693807"
1997-11-28,"1141,59547955922","1227,52202103142","1313,44856250361"
1997-12-01,"1142,9076160862","1228,93292052279","1314,95822495939"
1997-12-02,"1143,34532998839","1229,40358063268","1315,46183127697"
1997-12-03,"1143,78321152746","1229,87442099727","1315,96563046707"
1997-12-04,"1144,2212607676","1230,34544168559","1316,46962260358"
1997-12-05,"1144,65947777304","1230,81664276671","1316,97380776038"
1997-12-09,"1146,41402473325","1232,70325240134","1318,99248006943"
1997-12-10,"1146,85308152947","1233,1753564833","1319,49763143713"
1997-12-11,"1147,29230647686","1233,64764137297","1320,00297626908"
1997-12-12,"1147,73169963984","1234,12010713962","1320,50851463939"
1997-12-15,"1149,0508890666","1235,5385903942","1322,02629172179"
1997-12-16,"1149,49095573638","1236,0117803617","1322,53260498702"
1997-12-17,"1149,9311909441","1236,48515155279","1323,03911216149"
1997-12-18,"1150,3715947543","1236,95870403689","1323,54581331947"
1997-12-19,"1150,81216723157","1237,43243788341","1324,05270853525"
1997-12-22,"1152,13489731185","1238,85472829231","1325,57455927278"
1997-12-23,"1152,57614510359","1239,32918828343","1326,08223146327"
1997-12-26,"1153,01756188561","1239,80382998453","1326,59009808345"
1997-12-29,"1153,90090267945","1240,75365879511","1327,60641491077"
1997-12-30,"1155,22718291622","1242,17976657658","1329,13235023694"
1998-01-02,"1156,8352905326","1243,90891455118","1330,98253856976"
1998-01-05,"1157,99794840174","1245,15908430294","1332,32022020415"
1998-01-06,"1158,38576063565","1245,576086705","1332,76641277435"
1998-01-07,"1158,77370274744","1245,99322876069","1333,21275477394"
1998-01-08,"1159,16177478063","1246,4105105168","1333,65924625298"
1998-01-09,"1159,54997677871","1246,82793202011","1334,10588726152"
1998-01-13,"1161,1040852907","1248,49901644161","1335,89394759252"
1998-01-14,"1161,49293776642","1248,91713738325","1336,34133700007"
1998-01-15,"1161,88192046841","1249,33539835313","1336,78887623785"
1998-01-16,"1162,27103344027","1249,75379939814","1337,23656535601"
1998-01-19,"1163,43915441148","1251,0098434532","1338,58053249493"
1998-01-20,"1163,82878889927","1251,42880526803","1339,0288216368"
1998-01-21,"1164,21855387522","1251,84790739271","1339,4772609102"
1998-01-22,"1164,60844938304","1252,26714987423","1339,92585036543"
1998-01-23,"1164,99847546642","1252,6865327596","1340,37459005277"
1998-01-26,"1166,1693376074","1253,94552430904","1341,72171101067"
1998-01-27,"1166,55988643053","1254,36546928014","1342,17105212975"
1998-01-28,"1166,95056604803","1254,78555489036","1342,62054373268"
1998-01-29,"1167,34137650371","1255,20578118678","1343,07018586985"
1998-01-30,"1167,73231784137","1255,62614821652","1343,51997859168"
1998-02-02,"1168,90592758469","1256,88809417708","1344,87026076948"
1998-02-03,"1169,29739288878","1257,30902461159","1345,3206563344"
1998-02-04,"1169,68898929417","1257,73009601523","1345,7712027363"
1998-02-05,"1170,08071684476","1258,15130843522","1346,22190002569"
1998-02-06,"1170,47257558447","1258,57266191879","1346,67274825311"
1998-02-09,"1171,64893937779","1259,83756922343","1348,02619906907"
1998-02-10,"1172,0413233135","1260,25948743387","1348,47765155425"
1998-02-11,"1172,43383865816","1260,68154694426","1348,92925523036"
1998-02-12,"1172,82648545577","1261,10374780191","1349,38101014804"
1998-02-13,"1173,21926375036","1261,52609005415","1349,83291635795"
1998-02-16,"1174,39838805647","1262,79396565211","1351,18954324776"
1998-02-17,"1174,7916927795","1263,21687395645","1351,64205513341"
1998-02-18,"1175,18512921986","1263,63992389232","1352,09471856478"
1998-02-19,"1175,57869742164","1264,06311550714","1352,54753359264"
1998-02-20,"1175,97239742898","1264,48644884836","1353,00050026775"
1998-02-23,"1177,15428872582","1265,75729970518","1354,36031068455"
1998-02-24,"1177,54851639695","1266,18120042682","1354,8138844567"
1998-02-25,"1177,94287609448","1266,60524311235","1355,26761013021"
1998-02-26,"1178,33736786265","1267,0294278093","1355,72148775595"
1998-02-27,"1178,73199174567","1267,45375456524","1356,17551738481"
1998-03-02,"1179,91665652641","1268,72758766281","1357,5385187992"
1998-03-03,"1180,31180931146","1269,1524831306","1357,99315694975"
1998-03-04,"1180,70709443275","1269,57752089543","1358,4479473581"
1998-03-05,"1181,10251193458","1270,00270100492","1358,90289007527"
1998-03-06,"1181,4980618613","1270,42802350677","1359,35798515225"
1998-03-09,"1182,68550663432","1271,70484584336","1360,72418505239"
1998-03-10,"1183,08158670422","1272,13073839163","1361,17989007905"
1998-03-11,"1183,47779942089","1272,55677357085","1361,63574772081"
1998-03-12,"1183,87414482876","1272,98295142878","1362,09175802879"
1998-03-13,"1184,27062297228","1273,4092720132","1362,54792105413"
1998-03-16,"1185,46085426126","1274,6890906035","1363,91732694575"
1998-03-17,"1185,85786379201","1275,11598257205","1364,3741013521"
1998-03-18,"1186,25500628081","1275,54301750625","1364,83102873169"
1998-03-19,"1186,65228177219","1275,97019545397","1365,28810913575"
1998-03-20,"1187,0496903107","1276,39751646312","1365,74534261554"
1998-03-24,"1188,64065582733","1278,1082320724","1367,57580831747"
1998-03-25,"1189,03873027012","1278,53626910765","1368,03380794519"
1998-03-26,"1189,43693802759","1278,96444949203","1368,49196095647"
1998-03-27,"1189,8352791444","1279,39277327355","1368,9502674027"
1998-03-30,"1191,03110309756","1280,67860548124","1370,32610786493"
1998-03-31,"1191,42997809849","1281,10750333171","1370,78502856493"
1998-04-01,"1191,82898668222","1281,53654481959","1371,24410295696"
1998-04-02,"1192,22812889348","1281,96572999299","1371,7033310925"
1998-04-03,"1192,62740477703","1282,39505890004","1372,16271302304"
1998-04-06,"1193,82603490914","1283,68390850445","1373,54178209976"
1998-04-07,"1194,22584592965","1284,11381282758","1374,00177972551"
1998-04-08,"1194,62579084642","1284,54386112519","1374,46193140395"
1998-04-13,"1196,62752544434","1286,69626391865","1376,76500239295"
1998-04-14,"1197,02827468094","1287,12717707627","1377,22607947161"
1998-04-15,"1197,42915812801","1287,55823454624","1377,68731096448"
1998-04-16,"1197,8301758305","1287,98943637689","1378,14869692327"
1998-04-17,"1198,23132783338","1288,42078261654","1378,6102373997"
1998-04-20,"1199,43559009419","1289,71568827332","1379,99578645245"
1998-04-21,"1199,83727974853","1290,14761263283","1380,45794551713"
1998-04-22,"1200,2391039283","1290,57968164333","1380,92025935837"
1998-04-23,"1200,64106267854","1291,01189535327","1381,382728028"
1998-04-24,"1201,04315604432","1291,4442538111","1381,84535157788"
1998-04-27,"1202,25024428582","1292,74219815679","1383,23415202777"
1998-04-28,"1202,65287656474","1293,17513609112","1383,6973956175"
1998-04-29,"1203,05564368477","1293,60821901589","1384,160794347"
1998-04-30,"1203,45854569107","1294,04144697964","1384,62434826822"
1998-05-04,"1205,07150348257","1295,77581019631","1386,48011691006"
1998-05-05,"1205,47508059809","1296,20976408396","1386,94444756984"
1998-05-06,"1205,87879287113","1296,64386330229","1387,40893373345"
1998-05-07,"1206,28264034697","1297,07810789997","1387,87357545296"
1998-05-08,"1206,68662307088","1297,51249792568","1388,33837278048"
1998-05-11,"1207,89938318408","1298,81654105815","1389,73369893222"
1998-05-12,"1208,30390735338","1299,25151328321","1390,19911921303"
1998-05-13,"1208,70856699738","1299,68663117998","1390,66469536258"
1998-05-14,"1209,11336216145","1300,12189479726","1391,13042743307"
1998-05-15,"1209,51829289097","1300,55730418384","1391,59631547671"
1998-05-18,"1210,73389892634","1301,86440744768","1392,99491596901"
1998-05-19,"1211,13937237183","1302,30040039982","1393,46142842781"
1998-05-20,"1211,54498160993","1302,73653936552","1393,92809712111"
1998-05-21,"1211,95072668612","1303,17282439368","1394,39492210124"
1998-05-22,"1212,35660764589","1303,60925553322","1394,86190342054"
1998-05-26,"1213,98149123111","1305,35644218399","1396,73139313687"
1998-05-27,"1214,38805229168","1305,79360461471","1397,19915693774"
1998-05-28,"1214,7947495091","1306,23091345064","1397,66707739219"
1998-05-29,"1215,20158292897","1306,66836874083","1398,13515455268"
1998-06-01,"1216,42290085949","1307,9816138274","1399,54032679532"
1998-06-02,"1216,83027954544","1308,41965542521","1400,00903130497"
1998-06-03,"1217,23779466207","1308,85784372266","1400,47789278324"
1998-06-04,"1217,64544625506","1309,29617876889","1400,94691128271"
1998-06-05,"1218,05323437013","1309,73466061304","1401,41608685595"
1998-06-08,"1219,277418305","1311,05098742473","1402,82455654447"
1998-06-09,"1219,6857529657","1311,49005695237","1403,29436093903"
1998-06-10,"1220,09422437723","1311,9292735239","1403,76432267057"
1998-06-11,"1220,50283258537","1312,36863718857","1404,23444179177"
1998-06-12,"1220,91157763596","1312,80814799566","1404,70471835535"
1998-06-16,"1222,54792717948","1314,56766363385","1406,58740008822"
1998-06-17,"1222,95735712999","1315,00791089246","1407,05846465493"
1998-06-18,"1223,36692419813","1315,44830558939","1407,52968698065"
1998-06-19,"1223,77662842984","1315,88884777402","1408,0010671182"
1998-06-23,"1225,41681791119","1317,65249237762","1409,88816684406"
1998-06-24,"1225,82720865004","1318,09377274197","1410,36033683391"
1998-06-25,"1226,23773682829","1318,53520089063","1410,83266495297"
1998-06-26,"1226,64840249197","1318,97677687308","1411,3051512542"
1998-06-30,"1228,29244092214","1320,74456013134","1413,19667934053"
1998-07-01,"1228,70379470396","1321,18687602576","1413,66995734756"
1998-07-02,"1229,1152862477","1321,62934005129","1414,14339385488"
1998-07-03,"1229,5269155995","1322,07195225753","1414,61698891556"
1998-07-06,"1230,7626309649","1323,40067845688","1416,03872594886"
1998-07-07,"1231,17481201063","1323,8438838824","1416,51295575416"
1998-07-08,"1231,58713109534","1324,28723773692","1416,98734437851"
1998-07-09,"1231,99958826525","1324,73074007016","1417,46189187508"
1998-07-10,"1232,41218356662","1325,17439093185","1417,93659829708"
1998-07-13,"1233,6507987221","1326,50623518505","1419,361671648"
1998-07-14,"1234,06394701202","1326,95048065809","1419,83701430415"
1998-07-15,"1234,47723366485","1327,39487490844","1420,31251615203"
1998-07-16,"1234,89065872692","1327,83941798594","1420,78817724495"
1998-07-17,"1235,30422224459","1328,28410994042","1421,26399763625"
1998-07-21,"1236,95986179885","1330,06436752564","1423,16887325243"
1998-07-22,"1237,37411829034","1330,50980461327","1423,6454909362"
1998-07-23,"1237,78851351587","1330,95539087728","1424,12226823869"
1998-07-24,"1238,20304752191","1331,40112636765","1424,59920521338"
1998-07-27,"1239,4474826879","1332,73922869666","1426,03097470543"
1998-07-28,"1239,86257228088","1333,18556159234","1426,50855090381"
1998-07-29,"1240,27780088691","1333,63204396442","1426,98628704192"
1998-07-30,"1240,69316855254","1334,07867586294","1427,46418317335"
1998-07-31,"1241,10867532434","1334,525457338","1427,94223935166"
1998-08-03,"1242,35603074272","1335,86669972335","1429,37736870399"
1998-08-04,"1242,77209440523","1336,31408000563","1429,85606560602"
1998-08-05,"1243,18829740701","1336,76161011506","1430,33492282311"
1998-08-06,"1243,60463979471","1337,20929010183","1430,81394040896"
1998-08-10,"1245,2714041386","1339,00150982645","1432,7316155143"
1998-08-11,"1245,68844415644","1339,44993995316","1433,21143574988"
1998-08-12,"1246,10562384052","1339,89852025863","1433,69141667673"
1998-08-13,"1246,52294323762","1340,34725079314","1434,17155834866"
1998-08-14,"1246,94040239453","1340,79613160702","1434,65186081951"
1998-08-18,"1248,61163755654","1342,59315866295","1436,57467976935"
1998-08-19,"1249,02979621487","1343,04279162889","1437,05578704291"
1998-08-20,"1249,44809491406","1343,49257517641","1437,53705543876"
1998-08-21,"1249,86653370103","1343,94250935595","1438,01848501087"
1998-08-24,"1251,12269105781","1345,29321619119","1439,46374132458"
1998-08-25,"1251,54169066518","1345,74375340342","1439,94581614166"
1998-08-26,"1251,96083059505","1346,19444150006","1440,42805240506"
1998-08-27,"1252,38011089443","1346,64528053164","1440,91045016886"
1998-08-28,"1252,79953161031","1347,09627054872","1441,39300948713"
1998-08-31,"1254,05863672735","1348,45014701866","1442,84165730996"
1998-09-01,"1254,47861957968","1348,90174148353","1443,32486338738"
1998-09-02,"1367,83962996135","1470,79530103371","1573,75097210607"
1998-09-03,"1368,29771794264","1471,28786875553","1574,27801956841"
1998-09-04,"1368,7559593371","1471,78060143774","1574,80524353838"
1998-09-07,"1370,13160451327","1473,25978979922","1576,38797508516"
1998-09-08,"1370,59046007431","1473,75318287561","1576,9159056769"
1998-09-09,"1371,04946930558","1474,24674118879","1577,44401307201"
1998-09-10,"1371,50863225852","1474,74046479411","1577,9722973297"
1998-09-11,"1371,96794898463","1475,23435374692","1578,5007585092"
1998-09-14,"1373,34682231703","1476,71701324412","1580,08720417121"
1998-09-15,"1373,80675465096","1477,21156414082","1580,61637363068"
1998-09-16,"1374,26684101572","1477,70628066207","1581,14572030841"
1998-09-17,"1374,7270814629","1478,20116286333","1581,67524426377"
1998-09-18,"1375,1874760441","1478,6962108001","1582,20494555611"
1998-09-21,"1376,56958510806","1480,18234957856","1583,79511404906"
1998-09-22,"1377,03059674169","1480,67806101257","1584,32552528345"
1998-09-23,"1377,49176276761","1481,1739384598","1584,85611415198"
1998-09-24,"1377,95308323752","1481,66998197583","1585,38688071414"
1998-09-25,"1378,41455820315","1482,16619161629","1585,91782502943"
1998-09-28,"1379,79991059181","1483,65581784066","1587,5117250895"
1998-09-29,"1380,26200405788","1484,15269253535","1588,04338101283"
1998-09-30,"1380,72425227854","1484,64973363284","1588,57521498713"
1998-10-01,"1381,18665530561","1485,14694118883","1589,10722707205"
1998-10-02,"1381,64921319095","1485,64431525909","1589,63941732723"
1998-10-05,"1383,03781651526","1487,13743711318","1591,2370577111"
1998-10-06,"1383,50099435244","1487,63547779833","1591,76996124421"
1998-10-07,"1383,96432730737","1488,13368527675","1592,30304324612"
1998-10-08,"1384,427815432","1488,6320596043","1592,8363037766"
1998-10-09,"1384,89145877829","1489,13060083687","1593,36974289545"
1998-10-13,"1386,74758541997","1491,12643593546","1595,50528645094"
1998-10-14,"1387,21200565467","1491,6258125319","1596,03961940913"
1998-10-15,"1387,67658142318","1492,12535636902","1596,57413131485"
1998-10-16,"1388,14131277761","1492,62506750281","1597,10882222801"
1998-10-19,"1389,53644087751","1494,12520524464","1598,71396961176"
1998-10-20,"1390,00179509682","1494,62558612561","1599,2493771544"
1998-10-21,"1390,46730516274","1495,12613458359","1599,78496400444"
1998-10-22,"1390,93297112746","1495,62685067469","1600,32073022192"
1998-10-23,"1391,39879304321","1496,12773445506","1600,85667586692"
1998-10-26,"1392,79719501891","1497,63139249345","1602,46558996799"
1998-10-27,"1393,26364126118","1498,13294759266","1603,00225392415"
1998-10-28,"1393,73024371577","1498,63467066212","1603,53909760847"
1998-10-29,"1394,19700243502","1499,13656175808","1604,07612108115"
1998-10-30,"1394,66391747124","1499,63862093682","1604,6133244024"
1998-11-03,"1396,5331418332","1501,6485396056","1606,76393737799"
1998-11-04,"1397,00083923993","1502,15144004294","1607,30204084594"
1998-11-05,"1397,468693278","1502,65450890108","1607,84032452416"
1998-11-06,"1397,93670399988","1503,15774623643","1608,37878847298"
1998-11-09,"1399,34167679312","1504,66846967002","1609,99526254693"
1998-11-10,"1399,81031477511","1505,17238147861","1610,53444818211"
1998-11-11,"1400,27910970343","1505,6764620467","1611,07381438997"
1998-11-12,"1400,74806163066","1506,18071143082","1611,61336123098"
1998-11-13,"1401,21717060938","1506,6851296875","1612,15308876563"
1998-11-17,"1403,09517809124","1508,70449257123","1614,31380705122"
1998-11-18,"1403,56507311667","1509,20975603943","1614,85443896219"
1998-11-19,"1404,03512550941","1509,7151887198","1615,39525193019"
1998-11-20,"1404,50533532219","1510,22079066902","1615,93624601585"
1998-11-23,"1405,91690980796","1511,73861269673","1617,56031558551"
1998-11-24,"1406,38774982822","1512,24489228841","1618,1020347486"
1998-11-25,"1406,85874753228","1512,75134143256","1618,64393533284"
1998-11-26,"1407,32990297295","1513,25796018597","1619,18601739899"
1998-11-27,"1407,80121620306","1513,76474860544","1619,72828100783"
1998-11-30,"1409,21610315853","1515,28613242853","1621,35616169853"
1998-12-01,"1409,688048075","1515,79360008065","1621,89915208629"
1998-12-02,"1410,1601510453","1516,30123768312","1622,44232432094"
1998-12-03,"1410,63241212236","1516,80904529286","1622,98567846336"
1998-12-04,"1411,10483135914","1517,31702296681","1623,52921457449"
1998-12-07,"1412,5230385575","1518,84197694355","1625,1609153296"
1998-12-09,"1413,46930179319","1519,85946429376","1626,24962679432"
1998-12-10,"1413,94267110118","1520,36846354966","1626,79425599814"
1998-12-11,"1414,41619894004","1520,87763326886","1627,33906759768"
1998-12-14,"1415,83773417275","1522,40616577715","1628,97459738155"
1998-12-15,"1416,31189666613","1522,91601792057","1629,52013917501"
1998-12-16,"1416,786217956","1523,42604081291","1630,06586366981"
1998-12-17,"1417,26069809555","1523,93623451135","1630,61177092714"
1998-12-18,"1417,73533713798","1524,4465990731","1631,15786100821"
1998-12-21,"1419,16020821476","1525,9787185105","1632,79722880623"
1998-12-22,"1419,63548340103","1526,48976709788","1633,34405079473"
1998-12-23,"1420,11091775643","1527,00098683487","1633,89105591331"
1998-12-24,"1420,586511","1527,512378","1634,438244"
1998-12-28,"1420,58651133427","1527,51237777879","1634,43824422331"
1998-12-29,"1422,49047893679","1529,55965477074","1636,62883060469"
1998-12-30,"1422,96686942704","1530,07190260972","1637,1769357924"
1999-01-04,"1425,8285646349","1533,14899423107","1640,46942382725"
1999-01-05,"1426,30607304636","1533,66244413587","1641,01881522539"
1999-01-06,"1426,78374137487","1534,17606599448","1641,5683906141"
1999-01-07,"1427,26156967397","1534,68985986449","1642,118150055"
1999-01-08,"1427,73955799725","1535,20382580349","1642,66809360973"
1999-01-12,"1429,65311260414","1537,2614114023","1644,86971020046"
1999-01-13,"1430,1319018525","1537,77623855107","1645,42057524965"
1999-01-14,"1430,61085144684","1538,29123811489","1645,97162478293"
1999-01-15,"1431,08996144088","1538,80641015149","1646,52285886209"
1999-01-18,"1432,52825435841","1540,35296167571","1648,17766899301"
1999-01-19,"1433,00800648856","1540,86882418125","1648,72964187394"
1999-01-20,"1433,48791928718","1541,38485944858","1649,28179960998"
1999-01-21,"1433,96799280806","1541,90106753555","1649,83414226304"
1999-01-22,"1434,44822710503","1542,41744850003","1650,38666989504"
1999-01-25,"1435,88989519103","1543,96762923766","1652,0453632843"
1999-01-26,"1436,37077313099","1544,48470229138","1652,59863145178"
1999-01-27,"1436,85181211643","1545,0019485123","1653,15208490816"
1999-01-28,"1437,33301220131","1545,5193679584","1653,70572371548"
1999-01-29,"1437,81437343956","1546,0369606877","1654,25954793584"
1999-02-01,"1439,25942461436","1547,59077915523","1655,9221336961"
1999-02-02,"1439,741431006","1548,10906559785","1656,4767001897"
1999-02-03,"1440,22359882105","1548,62752561404","1657,03145240702"
1999-02-04,"1440,70592811357","1549,1461592619","1657,58639041024"
1999-02-05,"1441,18841893763","1549,66496659961","1658,14151426158"
1999-02-08,"1442,63686114017","1551,22243133352","1659,80800152686"
1999-02-09,"1443,11999863157","1551,74193401244","1660,36386939331"
1999-02-10,"1443,60329792519","1552,26161067224","1660,9199234193"
1999-02-11,"1444,0867590752","1552,78146137118","1661,47616366717"
1999-02-12,"1444,57038213582","1553,30148616755","1662,03259019928"
1999-02-15,"1446,02222332364","1554,86260572434","1663,70298812504"
1999-02-16,"1446,50649456909","1555,38332749365","1664,26016041821"
1999-02-17,"1446,99092799646","1555,90422365211","1664,81751930775"
1999-02-18,"1447,47552366004","1556,42529425811","1665,37506485618"
1999-02-19,"1447,96028161418","1556,94653937008","1665,93279712599"
1999-02-22,"1449,4155297635","1558,51132232634","1667,60711488919"
1999-02-23,"1449,90093742354","1559,03326604681","1668,16559467009"
1999-02-24,"1450,38650764606","1559,55538456566","1668,72426148526"
1999-02-25,"1450,87224048552","1560,07767794142","1669,28311539732"
1999-02-26,"1451,35813599637","1560,60014623266","1669,84215646894"
1999-03-01,"1452,81679910214","1562,1686011851","1671,52040326806"
1999-03-02,"1453,30334584352","1562,69176972422","1672,08019360492"
1999-03-03,"1453,79005552887","1563,21511347191","1672,64017141494"
1999-03-04,"1454,27692821276","1563,73863248684","1673,20033676091"
1999-03-05,"1454,76396394977","1564,26232682771","1673,76068970564"
1999-03-08,"1456,22605002569","1565,83446239322","1675,44287476074"
1999-03-09,"1456,71373852144","1566,35885862521","1676,00397872897"
1999-03-10,"1457,20159034353","1566,88343047691","1676,5652706103"
1999-03-11,"1457,68960554666","1567,40817800716","1677,12675046766"
1999-03-12,"1458,17778418553","1567,93310127477","1677,688418364"
1999-03-15,"1459,64330126412","1569,50892609045","1679,37455091678"
1999-03-16,"1460,13213419354","1570,03455289628","1679,93697159901"
1999-03-17,"1460,62113083256","1570,56035573394","1680,49958063531"
1999-03-18,"1461,11029123602","1571,08633466239","1681,06237808875"
1999-03-19,"1461,59961545876","1571,6124897406","1681,62536402244"
1999-03-23,"1463,55855164003","1573,71887273121","1683,8791938224"
1999-03-24,"1464,04869578247","1574,24590944352","1684,44312310456"
1999-03-25,"1464,53900407365","1574,77312265983","1685,00724124602"
1999-03-26,"1465,02947656853","1575,30051243927","1685,57154831002"
1999-03-29,"1466,5018798254","1576,88374174775","1687,26560367009"
1999-03-30,"1466,99300968521","1577,41183837119","1687,83066705717"
1999-03-31,"1467,48430402385","1577,94011185361","1688,39591968336"
1999-04-05,"1469,94324482839","1580,58413422407","1691,22502361976"
1999-04-06,"1470,43552719753","1581,11347010487","1691,79141301221"
1999-04-07,"1470,92797443149","1581,64298325967","1692,35799208784"
1999-04-08,"1471,42058658549","1582,17267374783","1692,92476091018"
1999-04-09,"1471,91336371475","1582,70254162876","1693,49171954278"
1999-04-12,"1473,39268550673","1584,29321022229","1695,19373493785"
1999-04-13,"1473,88612308974","1584,82378826854","1695,76145344733"
1999-04-14,"1474,37972592445","1585,35454400479","1696,32936208512"
1999-04-15,"1474,87349406621","1585,88547749055","1696,89746091489"
1999-04-16,"1475,36742757038","1586,41658878535","1697,46575000032"
1999-04-19,"1476,85022081119","1588,01099011956","1699,17175942793"
1999-04-20,"1477,34481631896","1588,54281324619","1699,74081017342"
1999-04-21,"1477,83957746621","1589,0748144798","1700,31005149338"
1999-04-22,"1478,33450430843","1589,60699388003","1700,87948345164"
1999-04-23,"1478,8295969011","1590,13935150656","1701,44910611202"
1999-04-26,"1480,31586973702","1591,73749434088","1703,15911894475"
1999-04-27,"1480,81162588679","1592,27056546966","1703,72950505254"
1999-04-28,"1481,30754806474","1592,80381512338","1704,30008218201"
1999-04-29,"1481,80363632648","1593,33724336181","1704,87085039713"
1999-04-30,"1482,29989072763","1593,87085024477","1705,4418097619"
1999-05-03,"1483,78965132405","1595,47274335919","1707,15583539434"
1999-05-04,"1484,28657083943","1596,00706541874","1707,72755999805"
1999-05-05,"1484,78365677261","1596,54156642216","1708,29947607171"
1999-05-06,"1485,28090917932","1597,07624642937","1708,87158367943"
1999-05-07,"1485,77832811531","1597,61110550033","1709,44388288535"
1999-05-10,"1487,27158465677","1599,21675769545","1711,16193073413"
1999-05-11,"1487,76967026778","1599,75233362126","1711,73499697475"
1999-05-12,"1488,26792268711","1600,28808891087","1712,30825513463"
1999-05-13,"1488,76634197062","1600,82402362432","1712,88170527803"
1999-05-14,"1489,2649281742","1601,36013782172","1713,45534746924"
1999-05-18,"1491,26094330751","1603,50639065324","1715,75183799897"
1999-05-19,"1491,76036495033","1604,0434031724","1716,32644139447"
1999-05-20,"1492,2599538489","1604,58059553645","1716,901237224"
1999-05-21,"1492,75971005924","1605,11796780564","1717,47622555203"
1999-05-24,"1494,25998312131","1606,73116464657","1719,20234617183"
1999-05-25,"1494,76040913925","1607,26925713897","1719,7781051387"
1999-05-26,"1495,2610027493","1607,80752983796","1720,35405692662"
1999-05-27,"1495,76176400761","1608,34598280388","1720,93020160015"
1999-05-28,"1496,2626929703","1608,8846160971","1721,5065392239"
1999-05-31,"1497,76648664648","1610,5015985446","1723,23671044272"
1999-06-01,"1498,26808698857","1611,04095375115","1723,81382051373"
1999-06-02,"1498,76985531607","1611,58048958717","1724,39112385827"
1999-06-03,"1499,27179168522","1612,12020611314","1724,96862054106"
1999-06-04,"1499,77389615231","1612,66010338958","1725,54631062685"
1999-06-08,"1501,78399612622","1614,82150121099","1727,85900629575"
1999-06-09,"1502,2869419278","1615,36230314817","1728,43766436854"
1999-06-10,"1502,79005616537","1615,90328619932","1729,01651623328"
1999-06-11,"1503,29333889535","1616,44445042511","1729,59556195486"
1999-06-15,"1505,30815586812","1618,6109202883","1731,91368470849"
1999-06-16,"1505,81228190691","1619,15299129775","1732,49370068859"
1999-06-17,"1506,31657677695","1619,69524384618","1733,07391091541"
1999-06-18,"1506,82104053478","1620,23767799439","1733,654315454"
1999-06-21,"1508,33544570076","1621,86607064597","1735,39669559119"
1999-06-22,"1508,84058557556","1622,40923180168","1735,9778780278"
1999-06-23,"1509,34589462116","1622,95257486146","1736,55925510176"
1999-06-24,"1509,85137289419","1623,49609988623","1737,14082687826"
1999-06-25,"1510,35702045134","1624,03980693693","1737,72259342251"
1999-06-28,"1594,78219353091","1771,98021503435","1949,17823653778"
1999-06-29,"1595,19868346137","1772,44298162374","1949,68727978612"
1999-06-30,"1595,61528216145","1772,90586906827","1950,1964559751"
1999-07-01,"1596,03198965956","1773,36887739951","1950,70576513946"
1999-07-02,"1596,44880598411","1773,83200664901","1951,21520731392"
1999-07-06,"1598,11716011532","1775,68573346146","1953,25430680761"
1999-07-07,"1598,53452099856","1776,14946777618","1953,76441455379"
1999-07-08,"1598,95199087888","1776,61332319876","1954,27465551864"
1999-07-09,"1599,36956978476","1777,07729976084","1954,78502973693"
1999-07-12,"1600,62296094042","1778,46995660047","1956,31695226052"
1999-07-13,"1601,04097623329","1778,93441803699","1956,82785984069"
1999-07-14,"1601,45910069414","1779,39900077127","1957,33890084839"
1999-07-15,"1601,87733435149","1779,86370483498","1957,85007531848"
1999-07-16,"1602,29567723385","1780,32853025983","1958,36138328581"
1999-07-19,"1603,551362","1781,723735","1959,896109"
1999-07-21,"1604,38903101949","1782,65447891054","1960,9199268016"
1999-07-22,"1604,80802985122","1783,12003316802","1961,43203648482"
1999-07-23,"1605,22713810779","1783,58570900865","1961,94427990952"
1999-07-26,"1606,48511971238","1784,98346634709","1963,4818129818"
1999-07-27,"1606,90466595418","1785,44962883798","1963,99459172178"
1999-07-28,"1607,32432176379","1785,91591307087","1964,50750437796"
1999-07-29,"1607,74408716981","1786,38231907757","1965,02055098533"
1999-07-30,"1608,16396220088","1786,84884688986","1965,53373157885"
1999-08-02,"1609,42424533066","1788,24916147851","1967,07407762636"
1999-08-03,"1609,84455914826","1788,7161768314","1967,58779451454"
1999-08-04,"1610,26498273413","1789,18331414903","1968,10164556393"
1999-08-05,"1610,68551611692","1789,65057346325","1968,61563080957"
1999-08-06,"1611,10615932533","1790,11795480592","1969,12975028651"
1999-08-09,"1612,36874819102","1791,52083132336","1970,67291445569"
1999-08-10,"1612,78983098874","1791,9887010986","1971,18757120845"
1999-08-11,"1613,21102375554","1792,45669306171","1971,70236236788"
1999-08-12,"1613,63232652015","1792,92480724462","1972,21728796907"
1999-08-13,"1614,0537393113","1793,39304367922","1972,73234804715"
1999-08-17,"1615,74049131605","1795,26721257338","1974,79393383072"
1999-08-18,"1616,16245467103","1795,73606074559","1975,30966682015"
1999-08-19,"1616,58452822508","1796,2050313612","1975,82553449732"
1999-08-20,"1617,00671200695","1796,67412445217","1976,34153689739"
1999-08-23,"1618,27392500748","1798,0821388972","1977,89035278692"
1999-08-24,"1618,69654998863","1798,55172220959","1978,40689443055"
1999-08-25,"1619,11928534163","1799,02142815736","1978,9235709731"
1999-08-26,"1619,54213109529","1799,49125677254","1979,4403824498"
1999-08-27,"1619,96508727845","1799,96120808716","1979,95732889588"
1999-08-30,"1621,23461869335","1801,37179854817","1981,50897840298"
1999-08-31,"1621,65801688298","1801,84224098108","1982,02646507919"
1999-09-01,"1622,08152564637","1802,31280627375","1982,54408690112"
1999-09-02,"1622,50514501242","1802,78349445825","1983,06184390407"
1999-09-03,"1622,92887501","1803,25430556667","1983,57973612333"
1999-09-06,"1624,20072908091","1804,66747675656","1985,13422443222"
1999-09-07,"1624,62490189362","1805,1387798818","1985,65265786998"
1999-09-08,"1625,04918548241","1805,61020609156","1986,17122670072"
1999-09-09,"1625,47357987619","1806,08175541799","1986,68993095979"
1999-09-10,"1625,89808510392","1806,55342789324","1987,20877068257"
1999-09-13,"1627,17226608021","1807,96918453357","1988,76610298693"
1999-09-14,"1627,59721493322","1808,4413499258","1989,28548491838"
1999-09-15,"1628,02227476497","1808,91363862774","1989,80500249051"
1999-09-16,"1628,44744560443","1809,38605067159","1990,32465573875"
1999-09-17,"1628,87272748062","1809,85858608957","1990,84444469853"
1999-09-20,"1630,14923961946","1811,27693291051","1992,40462620156"
1999-09-21,"1630,57496593255","1811,74996214728","1992,92495836201"
1999-09-22,"1631,00080342743","1812,22311491936","1993,4454264113"
1999-09-23,"1631,42675213311","1812,69639125902","1993,96603038492"
1999-09-24,"1631,85281207866","1813,16979119851","1994,48677031837"