"Periodo(MMM DD, AAAA)","Tasa interbancaria (TIB)"
"2008/04/01",9.65
"2008/04/02",9.67
"2008/04/03",9.69
"2008/04/04",9.7
"2008/04/07",9.66
"2008/04/08",9.66
"2008/04/09",9.68
"2008/04/10",9.66
"2008/04/11",9.64
"2008/04/14",9.66
"2008/04/15",9.65
"2008/04/16",9.66
"2008/04/17",9.62
"2008/04/18",9.6
"2008/04/21",9.63
"2008/04/22",9.65
"2008/04/23",9.61
"2008/04/24",9.64
"2008/04/25",9.64
"2008/04/28",9.65
"2008/04/29",9.62
"2008/04/30",9.65
"2008/05/02",9.65
"2008/05/06",9.63
"2008/05/07",9.64
"2008/05/08",9.66
"2008/05/09",9.68
"2008/05/12",9.64
"2008/05/13",9.67
"2008/05/14",9.7
"2008/05/15",9.7
"2008/05/16",9.68
"2008/05/19",9.67
"2008/05/20",9.7
"2008/05/21",9.69
"2008/05/22",9.68
"2008/05/23",9.7
"2008/05/27",9.64
"2008/05/28",9.67
"2008/05/29",9.64
"2008/05/30",9.64
"2008/06/03",9.64
"2008/06/04",9.63
"2008/06/05",9.68
"2008/06/06",9.67
"2008/06/09",9.67
"2008/06/10",9.68
"2008/06/11",9.68
"2008/06/12",9.68
"2008/06/13",9.67
"2008/06/16",9.67
"2008/06/17",9.67
"2008/06/18",9.66
"2008/06/19",9.67
"2008/06/20",9.68
"2008/06/23",9.67
"2008/06/24",9.68
"2008/06/25",9.66
"2008/06/26",9.74
"2008/06/27",9.73
"2008/07/01",9.78
"2008/07/02",9.78
"2008/07/03",9.78
"2008/07/04",9.79
"2008/07/07",9.77
"2008/07/08",9.77
"2008/07/09",9.77
"2008/07/10",9.77
"2008/07/11",9.78
"2008/07/14",9.78
"2008/07/15",9.78
"2008/07/16",9.77
"2008/07/17",9.77
"2008/07/18",9.76
"2008/07/21",9.77
"2008/07/22",9.76
"2008/07/23",9.77
"2008/07/24",9.77
"2008/07/25",9.75
"2008/07/28",10
"2008/07/29",10.03
"2008/07/30",10.02
"2008/07/31",10
"2008/08/01",10.03
"2008/08/04",10.02
"2008/08/05",10.02
"2008/08/06",10.01
"2008/08/08",10.02
"2008/08/11",10.04
"2008/08/12",10.04
"2008/08/13",10.05
"2008/08/14",10.02
"2008/08/15",10
"2008/08/19",10.02
"2008/08/20",10.03
"2008/08/21",10.02
"2008/08/22",10.02
"2008/08/25",10.02
"2008/08/26",10.01
"2008/08/27",9.99
"2008/08/28",9.99
"2008/08/29",9.99
"2008/09/01",10.01
"2008/09/02",10
"2008/09/03",10
"2008/09/04",10.01
"2008/09/05",10
"2008/09/08",10
"2008/09/09",10.01
"2008/09/10",10
"2008/09/11",10
"2008/09/12",10
"2008/09/15",10
"2008/09/16",10
"2008/09/17",10.02
"2008/09/18",10.02
"2008/09/19",10
"2008/09/22",10.02
"2008/09/23",10
"2008/09/24",10
"2008/09/25",10
"2008/09/26",10
"2008/09/29",10
"2008/09/30",9.99
"2008/10/01",10.01
"2008/10/02",10.01
"2008/10/03",10.01
"2008/10/06",10.01
"2008/10/07",10.02
"2008/10/08",10.03
"2008/10/09",10.01
"2008/10/10",10.04
"2008/10/14",10.01
"2008/10/15",10.03
"2008/10/16",10.02
"2008/10/17",10.02
"2008/10/20",10.01
"2008/10/21",10.01
"2008/10/22",10.03
"2008/10/23",10.03
"2008/10/24",10.04
"2008/10/27",10.02
"2008/10/28",10.02
"2008/10/29",10.03
"2008/10/30",10.03
"2008/10/31",10
"2008/11/04",10.03
"2008/11/05",10
"2008/11/06",9.99
"2008/11/07",9.99
"2008/11/10",9.98
"2008/11/11",9.96
"2008/11/12",9.95
"2008/11/13",9.95
"2008/11/14",9.92
"2008/11/18",9.96
"2008/11/19",9.91
"2008/11/20",9.89
"2008/11/21",9.88
"2008/11/24",9.94
"2008/11/25",9.87
"2008/11/26",9.91
"2008/11/27",9.9
"2008/11/28",9.86
"2008/12/01",9.79
"2008/12/02",9.72
"2008/12/03",9.76
"2008/12/04",9.67
"2008/12/05",9.66
"2008/12/09",9.61
"2008/12/10",9.64
"2008/12/11",9.68
"2008/12/12",9.43
"2008/12/15",9.49
"2008/12/16",9.42
"2008/12/17",9.35
"2008/12/18",9.42
"2008/12/19",9.13
"2008/12/22",8.92
"2008/12/23",8.92
"2008/12/24",8.93
"2008/12/26",8.9
"2008/12/29",8.92
"2008/12/30",8.83
"2009/01/02",8.92
"2009/01/05",8.92
"2009/01/06",8.94
"2009/01/07",8.89
"2009/01/08",8.88
"2009/01/09",8.92
"2009/01/13",8.92
"2009/01/14",8.96
"2009/01/15",8.98
"2009/01/16",9.02
"2009/01/19",9.03
"2009/01/20",9.04
"2009/01/21",9.05
"2009/01/22",9.09
"2009/01/23",9.1
"2009/01/26",9.14
"2009/01/27",9.16
"2009/01/28",9.14
"2009/01/29",9.25
"2009/01/30",9.29
"2009/02/02",8.96
"2009/02/03",8.98
"2009/02/04",8.97
"2009/02/05",8.97
"2009/02/06",8.96
"2009/02/09",8.97
"2009/02/10",9
"2009/02/11",9.03
"2009/02/12",9.04
"2009/02/13",9.01
"2009/02/16",9.02
"2009/02/17",9.01
"2009/02/18",9.01
"2009/02/19",9
"2009/02/20",8.99
"2009/02/23",8.98
"2009/02/24",8.95
"2009/02/25",8.95
"2009/02/26",8.94
"2009/02/27",8.96
"2009/03/02",7.98
"2009/03/03",7.97
"2009/03/04",7.96
"2009/03/05",7.95
"2009/03/06",7.96
"2009/03/09",7.99
"2009/03/10",8
"2009/03/11",7.85
"2009/03/12",8
"2009/03/13",8
"2009/03/16",8.02
"2009/03/17",7.99
"2009/03/18",7.99
"2009/03/19",7.99
"2009/03/20",7.97
"2009/03/24",7.01
"2009/03/25",7
"2009/03/26",7.04
"2009/03/27",7
"2009/03/30",7
"2009/03/31",7
"2009/04/01",7.02
"2009/04/02",7.02
"2009/04/03",7.01
"2009/04/06",7.03
"2009/04/07",7
"2009/04/08",7.02
"2009/04/13",7.01
"2009/04/14",7.01
"2009/04/15",7.01
"2009/04/16",7.02
"2009/04/17",7.04
"2009/04/20",7.02
"2009/04/21",7.01
"2009/04/22",7.1
"2009/04/23",7.09
"2009/04/24",7.02
"2009/04/27",7.01
"2009/04/28",7
"2009/04/29",7.02
"2009/04/30",7.02
"2009/05/04",6
"2009/05/05",6.01
"2009/05/06",6.08
"2009/05/07",6.1
"2009/05/08",6.11
"2009/05/11",6.19
"2009/05/12",6.05
"2009/05/13",6.07
"2009/05/14",6.05
"2009/05/15",6.03
"2009/05/18",6.02
"2009/05/19",6.02
"2009/05/20",6.02
"2009/05/21",6.02
"2009/05/22",6.01
"2009/05/26",6.01
"2009/05/27",6
"2009/05/28",6
"2009/05/29",5.99
"2009/06/01",5
"2009/06/02",4.99
"2009/06/03",4.99
"2009/06/04",5
"2009/06/05",5
"2009/06/08",5
"2009/06/09",5
"2009/06/10",5
"2009/06/11",4.99
"2009/06/12",5
"2009/06/16",5.02
"2009/06/17",4.99
"2009/06/18",5.01
"2009/06/19",5
"2009/06/23",4.51
"2009/06/24",4.51
"2009/06/25",4.51
"2009/06/26",4.5
"2009/06/30",4.51
"2009/07/01",4.51
"2009/07/02",4.51
"2009/07/03",4.51
"2009/07/06",4.51
"2009/07/07",4.51
"2009/07/08",4.52
"2009/07/09",4.55
"2009/07/10",4.51
"2009/07/13",4.51
"2009/07/14",4.5
"2009/07/15",4.5
"2009/07/16",4.5
"2009/07/17",4.5
"2009/07/21",4.5
"2009/07/22",4.47
"2009/07/23",4.47
"2009/07/24",4.45
"2009/07/27",4.43
"2009/07/28",4.4
"2009/07/29",4.37
"2009/07/30",4.35
"2009/07/31",4.32
"2009/08/03",4.28
"2009/08/04",4.27
"2009/08/05",4.23
"2009/08/06",4.23
"2009/08/10",4.21
"2009/08/11",4.19
"2009/08/12",4.18
"2009/08/13",4.21
"2009/08/14",4.23
"2009/08/18",4.2
"2009/08/19",4.2
"2009/08/20",4.19
"2009/08/21",4.22
"2009/08/24",4.22
"2009/08/25",4.2
"2009/08/26",4.21
"2009/08/27",4.22
"2009/08/28",4.12
"2009/08/31",4.28
"2009/09/01",4.36
"2009/09/02",4.36
"2009/09/03",4.4
"2009/09/04",4.44
"2009/09/07",4.4
"2009/09/08",4.39
"2009/09/09",4.38
"2009/09/10",4.35
"2009/09/11",4.34
"2009/09/14",4.34
"2009/09/15",4.34
"2009/09/16",4.37
"2009/09/17",4.39
"2009/09/18",4.37
"2009/09/21",4.4
"2009/09/22",4.41
"2009/09/23",4.44
"2009/09/24",4.46
"2009/09/25",4.47
"2009/09/28",3.98
"2009/09/29",3.97
"2009/09/30",3.98
"2009/10/01",3.98
"2009/10/02",3.98
"2009/10/05",4
"2009/10/06",3.99
"2009/10/07",3.98
"2009/10/08",3.98
"2009/10/09",3.97
"2009/10/13",3.97
"2009/10/14",3.97
"2009/10/15",3.98
"2009/10/16",3.97
"2009/10/19",3.97
"2009/10/20",3.97
"2009/10/21",3.97
"2009/10/22",3.99
"2009/10/23",3.98
"2009/10/26",3.97
"2009/10/27",3.96
"2009/10/28",3.96
"2009/10/29",3.97
"2009/10/30",3.96
"2009/11/03",3.97
"2009/11/04",3.98
"2009/11/05",3.95
"2009/11/06",3.98
"2009/11/09",3.97
"2009/11/10",3.98
"2009/11/11",3.98
"2009/11/12",3.96
"2009/11/13",3.96
"2009/11/17",3.97
"2009/11/18",3.98
"2009/11/19",3.98
"2009/11/20",3.97
"2009/11/23",3.98
"2009/11/24",3.47
"2009/11/25",3.47
"2009/11/26",3.47
"2009/11/27",3.32
"2009/11/30",3.41
"2009/12/01",3.41
"2009/12/02",3.41
"2009/12/03",3.35
"2009/12/04",3.4
"2009/12/07",3.36
"2009/12/09",3.37
"2009/12/10",3.38
"2009/12/11",3.38
"2009/12/14",3.39
"2009/12/15",3.36
"2009/12/16",3.3
"2009/12/17",3.27
"2009/12/18",3.27
"2009/12/21",3.28
"2009/12/22",3.25
"2009/12/23",3.23
"2009/12/24",3.24
"2009/12/28",3.16
"2009/12/29",3.02
"2009/12/30",3.05
"2010/01/04",3.18
"2010/01/05",3.25
"2010/01/06",3.31
"2010/01/07",3.31
"2010/01/08",3.3
"2010/01/12",3.32
"2010/01/13",3.36
"2010/01/14",3.31
"2010/01/15",3.37
"2010/01/18",3.35
"2010/01/19",3.37
"2010/01/20",3.33
"2010/01/21",3.32
"2010/01/22",3.3
"2010/01/25",3.26
"2010/01/26",3.3
"2010/01/27",3.32
"2010/01/28",3.33
"2010/01/29",3.37
"2010/02/01",3.33
"2010/02/02",3.32
"2010/02/03",3.33
"2010/02/04",3.35
"2010/02/05",3.34
"2010/02/08",3.35
"2010/02/09",3.35
"2010/02/10",3.36
"2010/02/11",3.43
"2010/02/12",3.4
"2010/02/15",3.37
"2010/02/16",3.39
"2010/02/17",3.36
"2010/02/18",3.36
"2010/02/19",3.37
"2010/02/22",3.37
"2010/02/23",3.37
"2010/02/24",3.3
"2010/02/25",3.3
"2010/02/26",3.36
"2010/03/01",3.36
"2010/03/02",3.35
"2010/03/03",3.35
"2010/03/04",3.35
"2010/03/05",3.33
"2010/03/08",3.31
"2010/03/09",3.32
"2010/03/10",3.3
"2010/03/11",3.3
"2010/03/12",3.34
"2010/03/15",3.37
"2010/03/16",3.43
"2010/03/17",3.39
"2010/03/18",3.4
"2010/03/19",3.4
"2010/03/23",3.43
"2010/03/24",3.42
"2010/03/25",3.43
"2010/03/26",3.4
"2010/03/29",3.4
"2010/03/30",3.4
"2010/03/31",3.44
"2010/04/05",3.43
"2010/04/06",3.43
"2010/04/07",3.48
"2010/04/08",3.47
"2010/04/09",3.5
"2010/04/12",3.49
"2010/04/13",3.47
"2010/04/14",3.49
"2010/04/15",3.49
"2010/04/16",3.54
"2010/04/19",3.53
"2010/04/20",3.52
"2010/04/21",3.52
"2010/04/22",3.51
"2010/04/23",3.49
"2010/04/26",3.5
"2010/04/27",3.5
"2010/04/28",3.5
"2010/04/29",3.5
"2010/04/30",3.51
"2010/05/03",3
"2010/05/04",3
"2010/05/05",3.01
"2010/05/06",3.01
"2010/05/07",3.01
"2010/05/10",3.01
"2010/05/11",3.04
"2010/05/12",3.04
"2010/05/13",3.05
"2010/05/14",3.05
"2010/05/18",3.03
"2010/05/19",3
"2010/05/20",3.04
"2010/05/21",3.02
"2010/05/24",3.03
"2010/05/25",3.02
"2010/05/26",3.02
"2010/05/27",3.02
"2010/05/28",3.02
"2010/05/31",3.02
"2010/06/01",3.01
"2010/06/02",3.02
"2010/06/03",3.03
"2010/06/04",3.03
"2010/06/08",3.02
"2010/06/09",3.03
"2010/06/10",3.03
"2010/06/11",3.03
"2010/06/15",3.04
"2010/06/16",3.04
"2010/06/17",3.06
"2010/06/18",3.05
"2010/06/21",3.04
"2010/06/22",3.03
"2010/06/23",3.01
"2010/06/24",3.01
"2010/06/25",3.01
"2010/06/28",3.02
"2010/06/29",3.02
"2010/06/30",3.03
"2010/07/01",3.04
"2010/07/02",3.02
"2010/07/06",3.04
"2010/07/07",3.04
"2010/07/08",3.03
"2010/07/09",3.02
"2010/07/12",3.03
"2010/07/13",3.03
"2010/07/14",3.04
"2010/07/15",3.07
"2010/07/16",3.03
"2010/07/19",3.04
"2010/07/21",3.03
"2010/07/22",3.03
"2010/07/23",3.05
"2010/07/26",3.03
"2010/07/27",3.02
"2010/07/28",3.02
"2010/07/29",3.02
"2010/07/30",3.03
"2010/08/02",3.01
"2010/08/03",3.01
"2010/08/04",3.01
"2010/08/05",3.02
"2010/08/06",3.02
"2010/08/09",3.02
"2010/08/10",3.02
"2010/08/11",3.03
"2010/08/12",3.03
"2010/08/13",3.03
"2010/08/17",3.04
"2010/08/18",3.02
"2010/08/19",3.03
"2010/08/20",3.03
"2010/08/23",3.04
"2010/08/24",3.04
"2010/08/25",3.04
"2010/08/26",3.04
"2010/08/27",3.04
"2010/08/30",3.04
"2010/08/31",3.05
"2010/09/01",3.04
"2010/09/02",3.04
"2010/09/03",3.05
"2010/09/06",3.04
"2010/09/07",3.05
"2010/09/08",3.06
"2010/09/09",3.04
"2010/09/10",3.04
"2010/09/13",3.03
"2010/09/14",3.04
"2010/09/15",3.04
"2010/09/16",3.03
"2010/09/17",3.04
"2010/09/20",3.03
"2010/09/21",3.27
"2010/09/22",3.04
"2010/09/23",3.04
"2010/09/24",3.04
"2010/09/27",3.03
"2010/09/28",3.03
"2010/09/29",3.03
"2010/09/30",3.03
"2010/10/01",3.04
"2010/10/04",3.04
"2010/10/05",3.03
"2010/10/06",3.02
"2010/10/07",3.03
"2010/10/08",3.03
"2010/10/11",3.02
"2010/10/12",3.01
"2010/10/13",3.01
"2010/10/14",3.01
"2010/10/15",3.01
"2010/10/19",3.02
"2010/10/20",3.02
"2010/10/21",3.03
"2010/10/22",3.03
"2010/10/25",3.03
"2010/10/26",3.03
"2010/10/27",3.03
"2010/10/28",3.02
"2010/10/29",3.02
"2010/11/02",3.01
"2010/11/03",3.01
"2010/11/04",3.01
"2010/11/05",3.01
"2010/11/08",3.01
"2010/11/09",3.01
"2010/11/10",3.01
"2010/11/11",3.03
"2010/11/12",3.03
"2010/11/16",3.11
"2010/11/17",3.03
"2010/11/18",3.03
"2010/11/19",3.04
"2010/11/22",3.04
"2010/11/23",3.04
"2010/11/24",3.02
"2010/11/25",3.01
"2010/11/26",3.01
"2010/11/29",3.02
"2010/11/30",3.01
"2010/12/01",3.01
"2010/12/02",3.04
"2010/12/03",3.03
"2010/12/06",3.03
"2010/12/07",3.05
"2010/12/09",3.06
"2010/12/10",3.06
"2010/12/13",3.04
"2010/12/14",3.01
"2010/12/15",3.04
"2010/12/16",3.05
"2010/12/17",3.06
"2010/12/20",3.03
"2010/12/21",3.04
"2010/12/22",3.05
"2010/12/23",3.05
"2010/12/24",3.04
"2010/12/27",2.95
"2010/12/28",2.98
"2010/12/29",2.97
"2011/01/03",3.02
"2011/01/04",3.03
"2011/01/05",3.03
"2011/01/06",3.02
"2011/01/07",3.02
"2011/01/11",3.01
"2011/01/12",3.02
"2011/01/13",3.02
"2011/01/14",3.01
"2011/01/17",3.01
"2011/01/18",3.01
"2011/01/19",3.01
"2011/01/20",3.01
"2011/01/21",3.01
"2011/01/24",3.02
"2011/01/25",3.01
"2011/01/26",3.02
"2011/01/27",3.03
"2011/01/28",3.02
"2011/01/31",3.05
"2011/02/01",3.03
"2011/02/02",3.02
"2011/02/03",3.03
"2011/02/04",3.04
"2011/02/07",3.04
"2011/02/08",3.05
"2011/02/09",3.04
"2011/02/10",3.04
"2011/02/11",3.03
"2011/02/14",3.02
"2011/02/15",3.01
"2011/02/16",3.04
"2011/02/17",3.05
"2011/02/18",3.05
"2011/02/21",3.04
"2011/02/22",3.03
"2011/02/23",3.03
"2011/02/24",3.05
"2011/02/25",3.05
"2011/02/28",3.27
"2011/03/01",3.28
"2011/03/02",3.26
"2011/03/03",3.25
"2011/03/04",3.22
"2011/03/07",3.19
"2011/03/08",3.19
"2011/03/09",3.2
"2011/03/10",3.23
"2011/03/11",3.25
"2011/03/14",3.29
"2011/03/15",3.26
"2011/03/16",3.28
"2011/03/17",3.32
"2011/03/18",3.3
"2011/03/22",3.55
"2011/03/23",3.59
"2011/03/24",3.59
"2011/03/25",3.56
"2011/03/28",3.55
"2011/03/29",3.58
"2011/03/30",3.6
"2011/03/31",3.59
"2011/04/01",3.55
"2011/04/04",3.58
"2011/04/05",3.53
"2011/04/06",3.51
"2011/04/07",3.53
"2011/04/08",3.54
"2011/04/11",3.54
"2011/04/12",3.53
"2011/04/13",3.51
"2011/04/14",3.5
"2011/04/15",3.53
"2011/04/18",3.59
"2011/04/19",3.58
"2011/04/20",3.63
"2011/04/25",3.6
"2011/04/26",3.62
"2011/04/27",3.63
"2011/04/28",3.64
"2011/04/29",3.63
"2011/05/02",3.78
"2011/05/03",3.8
"2011/05/04",3.82
"2011/05/05",3.84
"2011/05/06",3.86
"2011/05/09",3.86
"2011/05/10",3.82
"2011/05/11",3.85
"2011/05/12",3.86
"2011/05/13",3.88
"2011/05/16",3.96
"2011/05/17",3.98
"2011/05/18",3.79
"2011/05/19",3.77
"2011/05/20",3.76
"2011/05/23",3.78
"2011/05/24",3.77
"2011/05/25",3.78
"2011/05/26",3.76
"2011/05/27",3.76
"2011/05/30",3.76
"2011/05/31",4
"2011/06/01",4.02
"2011/06/02",4.04
"2011/06/03",4.04
"2011/06/07",4.02
"2011/06/08",4.04
"2011/06/09",4.01
"2011/06/10",4.01
"2011/06/13",4
"2011/06/14",4
"2011/06/15",4.04
"2011/06/16",4.04
"2011/06/17",4.03
"2011/06/20",4.25
"2011/06/21",4.26
"2011/06/22",4.25
"2011/06/23",4.26
"2011/06/24",4.25
"2011/06/28",4.25
"2011/06/29",4.26
"2011/06/30",4.19
"2011/07/01",4.27
"2011/07/05",4.28
"2011/07/06",4.3
"2011/07/07",4.33
"2011/07/08",4.31
"2011/07/11",4.29
"2011/07/12",4.27
"2011/07/13",4.29
"2011/07/14",4.32
"2011/07/15",4.29
"2011/07/18",4.31
"2011/07/19",4.32
"2011/07/21",4.32
"2011/07/22",4.34
"2011/07/25",4.3
"2011/07/26",4.26
"2011/07/27",4.28
"2011/07/28",4.3
"2011/07/29",4.3
"2011/08/01",4.54
"2011/08/02",4.54
"2011/08/03",4.56
"2011/08/04",4.6
"2011/08/05",4.58
"2011/08/08",4.56
"2011/08/09",4.54
"2011/08/10",4.6
"2011/08/11",4.58
"2011/08/12",4.59
"2011/08/16",4.58
"2011/08/17",4.58
"2011/08/18",4.59
"2011/08/19",4.62
"2011/08/22",4.62
"2011/08/23",4.58
"2011/08/24",4.6
"2011/08/25",4.59
"2011/08/26",4.61
"2011/08/29",4.59
"2011/08/30",4.59
"2011/08/31",4.59
"2011/09/01",4.59
"2011/09/02",4.6
"2011/09/05",4.55
"2011/09/06",4.55
"2011/09/07",4.55
"2011/09/08",4.54
"2011/09/09",4.57
"2011/09/12",4.56
"2011/09/13",4.55
"2011/09/14",4.53
"2011/09/15",4.54
"2011/09/16",4.55
"2011/09/19",4.56
"2011/09/20",4.58
"2011/09/21",4.58
"2011/09/22",4.58
"2011/09/23",4.58
"2011/09/26",4.57
"2011/09/27",4.55
"2011/09/28",4.56
"2011/09/29",4.57
"2011/09/30",4.56
"2011/10/03",4.6
"2011/10/04",4.6
"2011/10/05",4.59
"2011/10/06",4.6
"2011/10/07",4.6
"2011/10/10",4.63
"2011/10/11",4.62
"2011/10/12",4.63
"2011/10/13",4.62
"2011/10/14",4.6
"2011/10/18",4.63
"2011/10/19",4.62
"2011/10/20",4.62
"2011/10/21",4.64
"2011/10/24",4.64
"2011/10/25",4.63
"2011/10/26",4.62
"2011/10/27",4.6
"2011/10/28",4.57
"2011/10/31",4.6
"2011/11/01",4.56
"2011/11/02",4.55
"2011/11/03",4.54
"2011/11/04",4.54
"2011/11/08",4.56
"2011/11/09",4.55
"2011/11/10",4.59
"2011/11/11",4.62
"2011/11/15",4.61
"2011/11/16",4.59
"2011/11/17",4.59
"2011/11/18",4.57
"2011/11/21",4.57
"2011/11/22",4.57
"2011/11/23",4.58
"2011/11/24",4.55
"2011/11/25",4.56
"2011/11/28",4.79
"2011/11/29",4.78
"2011/11/30",4.78
"2011/12/01",4.79
"2011/12/02",4.79
"2011/12/05",4.79
"2011/12/06",4.8
"2011/12/07",4.81
"2011/12/09",4.81
"2011/12/12",4.79
"2011/12/13",4.79
"2011/12/14",4.81
"2011/12/15",4.8
"2011/12/16",4.8
"2011/12/19",4.81
"2011/12/20",4.8
"2011/12/21",4.85
"2011/12/22",4.83
"2011/12/23",4.81
"2011/12/26",4.8
"2011/12/27",4.78
"2011/12/28",4.81
"2012/01/02",4.81
"2012/01/03",4.78
"2012/01/04",4.77
"2012/01/05",4.77
"2012/01/06",4.76
"2012/01/10",4.77
"2012/01/11",4.77
"2012/01/12",4.76
"2012/01/13",4.76
"2012/01/16",4.76
"2012/01/17",4.77
"2012/01/18",4.77
"2012/01/19",4.76
"2012/01/20",4.76
"2012/01/23",4.76
"2012/01/24",4.75
"2012/01/25",4.75
"2012/01/26",4.75
"2012/01/27",4.76
"2012/01/30",4.76
"2012/01/31",5.01
"2012/02/01",5.01
"2012/02/02",5.01
"2012/02/03",5.01
"2012/02/06",4.99
"2012/02/07",5.01
"2012/02/08",5.01
"2012/02/09",5.01
"2012/02/10",5.01
"2012/02/13",5.01
"2012/02/14",5.01
"2012/02/15",5.02
"2012/02/16",5.01
"2012/02/17",5.01
"2012/02/20",5.01
"2012/02/21",5.01
"2012/02/22",5.01
"2012/02/23",5.01
"2012/02/24",5.01
"2012/02/27",5.25
"2012/02/28",5.25
"2012/02/29",5.24
"2012/03/01",5.24
"2012/03/02",5.23
"2012/03/05",5.24
"2012/03/06",5.24
"2012/03/07",5.24
"2012/03/08",5.24
"2012/03/09",5.24
"2012/03/12",5.25
"2012/03/13",5.26
"2012/03/14",5.25
"2012/03/15",5.26
"2012/03/16",5.25
"2012/03/20",5.25
"2012/03/21",5.25
"2012/03/22",5.26
"2012/03/23",5.25
"2012/03/26",5.25
"2012/03/27",5.25
"2012/03/28",5.25
"2012/03/29",5.25
"2012/03/30",5.25
"2012/04/02",5.25
"2012/04/03",5.25
"2012/04/04",5.25
"2012/04/09",5.25
"2012/04/10",5.25
"2012/04/11",5.25
"2012/04/12",5.24
"2012/04/13",5.24
"2012/04/16",5.25
"2012/04/17",5.25
"2012/04/18",5.26
"2012/04/19",5.25
"2012/04/20",5.25
"2012/04/23",5.25
"2012/04/24",5.25
"2012/04/25",5.25
"2012/04/26",5.26
"2012/04/27",5.25
"2012/04/30",5.25
"2012/05/02",5.26
"2012/05/03",5.26
"2012/05/04",5.26
"2012/05/07",5.26
"2012/05/08",5.25
"2012/05/09",5.26
"2012/05/10",5.26
"2012/05/11",5.27
"2012/05/14",5.27
"2012/05/15",5.26
"2012/05/16",5.26
"2012/05/17",5.28
"2012/05/18",5.27
"2012/05/22",5.27
"2012/05/23",5.27
"2012/05/24",5.27
"2012/05/25",5.28
"2012/05/28",5.27
"2012/05/29",5.27
"2012/05/30",5.28
"2012/05/31",5.28
"2012/06/01",5.28
"2012/06/04",5.28
"2012/06/05",5.28
"2012/06/06",5.29
"2012/06/07",5.29
"2012/06/08",5.31
"2012/06/12",5.28
"2012/06/13",5.31
"2012/06/14",5.31
"2012/06/15",5.3
"2012/06/19",5.31
"2012/06/20",5.32
"2012/06/21",5.31
"2012/06/22",5.32
"2012/06/25",5.31
"2012/06/26",5.31
"2012/06/27",5.32
"2012/06/28",5.29
"2012/06/29",5.31
"2012/07/03",5.31
"2012/07/04",5.32
"2012/07/05",5.31
"2012/07/06",5.35
"2012/07/09",5.36
"2012/07/10",5.31
"2012/07/11",5.37
"2012/07/12",5.39
"2012/07/13",5.39
"2012/07/16",5.37
"2012/07/17",5.33
"2012/07/18",5.36
"2012/07/19",5.37
"2012/07/23",5.37
"2012/07/24",5.37
"2012/07/25",5.38
"2012/07/26",5.4
"2012/07/27",5.42
"2012/07/30",5.3
"2012/07/31",5.25
"2012/08/01",5.21
"2012/08/02",5.25
"2012/08/03",5.27
"2012/08/06",5.25
"2012/08/08",5.26
"2012/08/09",5.28
"2012/08/10",5.26
"2012/08/13",5.26
"2012/08/14",5.23
"2012/08/15",5.25
"2012/08/16",5.18
"2012/08/17",5.15
"2012/08/21",5.13
"2012/08/22",5.14
"2012/08/23",5.13
"2012/08/24",5.11
"2012/08/27",4.93
"2012/08/28",4.87
"2012/08/29",4.86
"2012/08/30",4.82
"2012/08/31",4.79
"2012/09/03",4.78
"2012/09/04",4.78
"2012/09/05",4.79
"2012/09/06",4.77
"2012/09/07",4.78
"2012/09/10",4.82
"2012/09/11",4.78
"2012/09/12",4.79
"2012/09/13",4.78
"2012/09/14",4.77
"2012/09/17",4.77
"2012/09/18",4.76
"2012/09/19",4.77
"2012/09/20",4.8
"2012/09/21",4.79
"2012/09/24",4.8
"2012/09/25",4.78
"2012/09/26",4.78
"2012/09/27",4.77
"2012/09/28",4.78
"2012/10/01",4.78
"2012/10/02",4.76
"2012/10/03",4.77
"2012/10/04",4.77
"2012/10/05",4.77
"2012/10/08",4.78
"2012/10/09",4.77
"2012/10/10",4.78
"2012/10/11",4.77
"2012/10/12",4.78
"2012/10/16",4.78
"2012/10/17",4.78
"2012/10/18",4.79
"2012/10/19",4.8
"2012/10/22",4.79
"2012/10/23",4.8
"2012/10/24",4.79
"2012/10/25",4.77
"2012/10/26",4.76
"2012/10/29",4.75
"2012/10/30",4.75
"2012/10/31",4.74
"2012/11/01",4.74
"2012/11/02",4.76
"2012/11/06",4.76
"2012/11/07",4.76
"2012/11/08",4.74
"2012/11/09",4.74
"2012/11/13",4.73
"2012/11/14",4.73
"2012/11/15",4.73
"2012/11/16",4.74
"2012/11/19",4.75
"2012/11/20",4.75
"2012/11/21",4.75
"2012/11/22",4.75
"2012/11/23",4.75
"2012/11/26",4.51
"2012/11/27",4.51
"2012/11/28",4.51
"2012/11/29",4.51
"2012/11/30",4.5
"2012/12/03",4.52
"2012/12/04",4.52
"2012/12/05",4.52
"2012/12/06",4.51
"2012/12/07",4.53
"2012/12/10",4.53
"2012/12/11",4.53
"2012/12/12",4.54
"2012/12/13",4.54
"2012/12/14",4.54
"2012/12/17",4.53
"2012/12/18",4.53
"2012/12/19",4.54
"2012/12/20",4.54
"2012/12/21",4.53
"2012/12/24",4.34
"2012/12/26",4.27
"2012/12/27",4.27
"2013/01/02",4.24
"2013/01/03",4.24
"2013/01/04",4.22
"2013/01/08",4.22
"2013/01/09",4.22
"2013/01/10",4.23
"2013/01/11",4.22
"2013/01/14",4.23
"2013/01/15",4.21
"2013/01/16",4.21
"2013/01/17",4.24
"2013/01/18",4.22
"2013/01/21",4.23
"2013/01/22",4.22
"2013/01/23",4.23
"2013/01/24",4.23
"2013/01/25",4.21
"2013/01/28",4.23
"2013/01/29",4.03
"2013/01/30",4.01
"2013/01/31",3.99
"2013/02/01",3.98
"2013/02/04",4
"2013/02/05",4.06
"2013/02/06",4.02
"2013/02/07",4.02
"2013/02/08",4.01
"2013/02/11",4.02
"2013/02/12",4.02
"2013/02/13",4.02
"2013/02/14",4
"2013/02/15",3.99
"2013/02/18",4
"2013/02/19",3.99
"2013/02/20",3.99
"2013/02/21",4
"2013/02/22",4
"2013/02/25",3.88
"2013/02/26",3.76
"2013/02/27",3.75
"2013/02/28",3.75
"2013/03/01",3.76
"2013/03/04",3.75
"2013/03/05",3.75
"2013/03/06",3.75
"2013/03/07",3.76
"2013/03/08",3.76
"2013/03/11",3.76
"2013/03/12",3.75
"2013/03/13",3.74
"2013/03/14",3.76
"2013/03/15",3.75
"2013/03/18",3.75
"2013/03/19",3.74
"2013/03/20",3.73
"2013/03/21",3.72
"2013/03/22",3.71
"2013/03/26",3.23
"2013/03/27",3.22
"2013/04/01",3.19
"2013/04/02",3.17
"2013/04/03",3.16
"2013/04/04",3.14
"2013/04/05",3.15
"2013/04/08",3.15
"2013/04/09",3.14
"2013/04/10",3.14
"2013/04/11",3.14
"2013/04/12",3.13
"2013/04/15",3.14
"2013/04/16",3.17
"2013/04/17",3.18
"2013/04/18",3.18
"2013/04/19",3.18
"2013/04/22",3.18
"2013/04/23",3.16
"2013/04/24",3.16
"2013/04/25",3.14
"2013/04/26",3.14
"2013/04/29",3.09
"2013/04/30",3.12
"2013/05/02",3.13
"2013/05/03",3.14
"2013/05/06",3.12
"2013/05/07",3.15
"2013/05/08",3.18
"2013/05/09",3.22
"2013/05/10",3.26
"2013/05/14",3.2
"2013/05/15",3.2
"2013/05/16",3.2
"2013/05/17",3.21
"2013/05/20",3.21
"2013/05/21",3.23
"2013/05/22",3.22
"2013/05/23",3.23
"2013/05/24",3.22
"2013/05/27",3.22
"2013/05/28",3.2
"2013/05/29",3.19
"2013/05/30",3.19
"2013/05/31",3.19
"2013/06/04",3.18
"2013/06/05",3.18
"2013/06/06",3.18
"2013/06/07",3.18
"2013/06/11",3.16
"2013/06/12",3.17
"2013/06/13",3.18
"2013/06/14",3.18
"2013/06/17",3.19
"2013/06/18",3.18
"2013/06/19",3.16
"2013/06/20",3.16
"2013/06/21",3.15
"2013/06/24",3.13
"2013/06/25",3.13
"2013/06/26",3.14
"2013/06/27",3.16
"2013/06/28",3.17
"2013/07/02",3.18
"2013/07/03",3.17
"2013/07/04",3.16
"2013/07/05",3.16
"2013/07/08",3.16
"2013/07/09",3.16
"2013/07/10",3.16
"2013/07/11",3.18
"2013/07/12",3.17
"2013/07/15",3.16
"2013/07/16",3.16
"2013/07/17",3.18
"2013/07/18",3.19
"2013/07/19",3.24
"2013/07/22",3.26
"2013/07/23",3.27
"2013/07/24",3.27
"2013/07/25",3.27
"2013/07/26",3.27
"2013/07/29",3.27
"2013/07/30",3.26
"2013/07/31",3.26
"2013/08/01",3.26
"2013/08/02",3.24
"2013/08/05",3.27
"2013/08/06",3.25
"2013/08/08",3.26
"2013/08/09",3.26
"2013/08/12",3.26
"2013/08/13",3.25
"2013/08/14",3.27
"2013/08/15",3.27
"2013/08/16",3.27
"2013/08/20",3.27
"2013/08/21",3.28
"2013/08/22",3.29
"2013/08/23",3.28
"2013/08/26",3.29
"2013/08/27",3.28
"2013/08/28",3.27
"2013/08/29",3.27
"2013/08/30",3.27
"2013/09/02",3.27
"2013/09/03",3.26
"2013/09/04",3.26
"2013/09/05",3.27
"2013/09/06",3.27
"2013/09/09",3.27
"2013/09/10",3.27
"2013/09/11",3.27
"2013/09/12",3.27
"2013/09/13",3.27
"2013/09/16",3.27
"2013/09/17",3.27
"2013/09/18",3.28
"2013/09/19",3.28
"2013/09/20",3.29
"2013/09/23",3.29
"2013/09/24",3.3
"2013/09/25",3.3
"2013/09/26",3.3
"2013/09/27",3.3
"2013/09/30",3.29
"2013/10/01",3.27
"2013/10/02",3.28
"2013/10/03",3.28
"2013/10/04",3.3
"2013/10/07",3.29
"2013/10/08",3.29
"2013/10/09",3.3
"2013/10/10",3.27
"2013/10/11",3.27
"2013/10/15",3.27
"2013/10/16",3.28
"2013/10/17",3.28
"2013/10/18",3.28
"2013/10/21",3.27
"2013/10/22",3.27
"2013/10/23",3.27
"2013/10/24",3.28
"2013/10/25",3.27
"2013/10/28",3.29
"2013/10/29",3.26
"2013/10/30",3.26
"2013/10/31",3.26
"2013/11/01",3.26
"2013/11/05",3.27
"2013/11/06",3.28
"2013/11/07",3.28
"2013/11/08",3.27
"2013/11/12",3.28
"2013/11/13",3.28
"2013/11/14",3.26
"2013/11/15",3.27
"2013/11/18",3.27
"2013/11/19",3.26
"2013/11/20",3.27
"2013/11/21",3.27
"2013/11/22",3.26
"2013/11/25",3.25
"2013/11/26",3.23
"2013/11/27",3.24
"2013/11/28",3.22
"2013/11/29",3.21
"2013/12/02",3.2
"2013/12/03",3.22
"2013/12/04",3.22
"2013/12/05",3.22
"2013/12/06",3.21
"2013/12/09",3.23
"2013/12/10",3.25
"2013/12/11",3.24
"2013/12/12",3.22
"2013/12/13",3.24
"2013/12/16",3.26
"2013/12/17",3.25
"2013/12/18",3.26
"2013/12/19",3.26
"2013/12/20",3.25
"2013/12/23",3.26
"2013/12/24",3.23
"2013/12/26",3.23
"2013/12/27",3.26
"2014/01/02",3.23
"2014/01/03",3.25
"2014/01/07",3.23
"2014/01/08",3.23
"2014/01/09",3.24
"2014/01/10",3.25
"2014/01/13",3.25
"2014/01/14",3.25
"2014/01/15",3.25
"2014/01/16",3.24
"2014/01/17",3.24
"2014/01/20",3.23
"2014/01/21",3.22
"2014/01/22",3.23
"2014/01/23",3.23
"2014/01/24",3.23
"2014/01/27",3.24
"2014/01/28",3.26
"2014/01/29",3.24
"2014/01/30",3.24
"2014/01/31",3.24
"2014/02/03",3.26
"2014/02/04",3.26
"2014/02/05",3.26
"2014/02/06",3.26
"2014/02/07",3.25
"2014/02/10",3.26
"2014/02/11",3.27
"2014/02/12",3.27
"2014/02/13",3.27
"2014/02/14",3.26
"2014/02/17",3.26
"2014/02/18",3.24
"2014/02/19",3.24
"2014/02/20",3.25
"2014/02/21",3.24
"2014/02/24",3.25
"2014/02/25",3.25
"2014/02/26",3.25
"2014/02/27",3.24
"2014/02/28",3.22
"2014/03/03",3.22
"2014/03/04",3.21
"2014/03/05",3.21
"2014/03/06",3.19
"2014/03/07",3.18
"2014/03/10",3.18
"2014/03/11",3.16
"2014/03/12",3.15
"2014/03/13",3.15
"2014/03/14",3.12
"2014/03/17",3.15
"2014/03/18",3.15
"2014/03/19",3.14
"2014/03/20",3.14
"2014/03/21",3.14
"2014/03/25",3.14
"2014/03/26",3.14
"2014/03/27",3.13
"2014/03/28",3.13
"2014/03/31",3.16
"2014/04/01",3.15
"2014/04/02",3.16
"2014/04/03",3.16
"2014/04/04",3.17
"2014/04/07",3.19
"2014/04/08",3.2
"2014/04/09",3.21
"2014/04/10",3.22
"2014/04/11",3.23
"2014/04/14",3.24
"2014/04/15",3.23
"2014/04/16",3.24
"2014/04/21",3.24
"2014/04/22",3.24
"2014/04/23",3.24
"2014/04/24",3.24
"2014/04/25",3.24
"2014/04/28",3.49
"2014/04/29",3.48
"2014/04/30",3.48
"2014/05/02",3.5
"2014/05/05",3.5
"2014/05/06",3.5
"2014/05/07",3.51
"2014/05/08",3.51
"2014/05/09",3.51
"2014/05/12",3.52
"2014/05/13",3.52
"2014/05/14",3.51
"2014/05/15",3.48
"2014/05/16",3.46
"2014/05/19",3.46
"2014/05/20",3.44
"2014/05/21",3.44
"2014/05/22",3.44
"2014/05/23",3.4
"2014/05/26",3.4
"2014/05/27",3.38
"2014/05/28",3.42
"2014/05/29",3.4
"2014/05/30",3.44
"2014/06/03",3.74
"2014/06/04",3.75
"2014/06/05",3.75
"2014/06/06",3.75
"2014/06/09",3.77
"2014/06/10",3.75
"2014/06/11",3.73
"2014/06/12",3.72
"2014/06/13",3.71
"2014/06/16",3.72
"2014/06/17",3.72
"2014/06/18",3.71
"2014/06/19",3.72
"2014/06/20",3.71
"2014/06/24",4
"2014/06/25",4.03
"2014/06/26",4.05
"2014/06/27",4.02
"2014/07/01",4.02
"2014/07/02",4.03
"2014/07/03",4.03
"2014/07/04",4.02
"2014/07/07",4.01
"2014/07/08",3.99
"2014/07/09",3.99
"2014/07/10",3.96
"2014/07/11",3.94
"2014/07/14",3.94
"2014/07/15",3.92
"2014/07/16",3.88
"2014/07/17",3.86
"2014/07/18",3.86
"2014/07/21",3.86
"2014/07/22",3.87
"2014/07/23",3.87
"2014/07/24",3.88
"2014/07/25",3.87
"2014/07/28",3.88
"2014/07/29",3.88
"2014/07/30",3.87
"2014/07/31",3.86
"2014/08/01",4.15
"2014/08/04",4.14
"2014/08/05",4.09
"2014/08/06",4.08
"2014/08/08",4.07
"2014/08/11",4.07
"2014/08/12",4.07
"2014/08/13",4.09
"2014/08/14",4.12
"2014/08/15",4.15
"2014/08/19",4.17
"2014/08/20",4.16
"2014/08/21",4.16
"2014/08/22",4.15
"2014/08/25",4.14
"2014/08/26",4.15
"2014/08/27",4.15
"2014/08/28",4.15
"2014/08/29",4.13
"2014/09/01",4.45
"2014/09/02",4.43
"2014/09/03",4.43
"2014/09/04",4.43
"2014/09/05",4.43
"2014/09/08",4.44
"2014/09/09",4.46
"2014/09/10",4.46
"2014/09/11",4.47
"2014/09/12",4.46
"2014/09/15",4.43
"2014/09/16",4.37
"2014/09/17",4.33
"2014/09/18",4.31
"2014/09/19",4.33
"2014/09/22",4.35
"2014/09/23",4.39
"2014/09/24",4.42
"2014/09/25",4.45
"2014/09/26",4.47
"2014/09/29",4.48
"2014/09/30",4.43
"2014/10/01",4.46
"2014/10/02",4.47
"2014/10/03",4.48
"2014/10/06",4.48
"2014/10/07",4.5
"2014/10/08",4.5
"2014/10/09",4.49
"2014/10/10",4.49
"2014/10/14",4.5
"2014/10/15",4.51
"2014/10/16",4.51
"2014/10/17",4.49
"2014/10/20",4.5
"2014/10/21",4.51
"2014/10/22",4.51
"2014/10/23",4.51
"2014/10/24",4.51
"2014/10/27",4.51
"2014/10/28",4.51
"2014/10/29",4.51
"2014/10/30",4.51
"2014/10/31",4.5
"2014/11/04",4.52
"2014/11/05",4.52
"2014/11/06",4.51
"2014/11/07",4.5
"2014/11/10",4.51
"2014/11/11",4.5
"2014/11/12",4.51
"2014/11/13",4.5
"2014/11/14",4.5
"2014/11/18",4.5
"2014/11/19",4.5
"2014/11/20",4.5
"2014/11/21",4.5
"2014/11/24",4.5
"2014/11/25",4.5
"2014/11/26",4.5
"2014/11/27",4.5
"2014/11/28",4.5
"2014/12/01",4.51
"2014/12/02",4.51
"2014/12/03",4.5
"2014/12/04",4.5
"2014/12/05",4.5
"2014/12/09",4.51
"2014/12/10",4.51
"2014/12/11",4.5
"2014/12/12",4.51
"2014/12/15",4.51
"2014/12/16",4.51
"2014/12/17",4.52
"2014/12/18",4.51
"2014/12/19",4.51
"2014/12/22",4.51
"2014/12/23",4.52
"2014/12/24",4.52
"2014/12/26",4.51
"2014/12/29",4.51
"2015/01/02",4.53
"2015/01/05",4.53
"2015/01/06",4.53
"2015/01/07",4.52
"2015/01/08",4.53
"2015/01/09",4.52
"2015/01/13",4.52
"2015/01/14",4.52
"2015/01/15",4.52
"2015/01/16",4.51
"2015/01/19",4.52
"2015/01/20",4.52
"2015/01/21",4.53
"2015/01/22",4.52
"2015/01/23",4.53
"2015/01/26",4.53
"2015/01/27",4.54
"2015/01/28",4.54
"2015/01/29",4.54
"2015/01/30",4.54
"2015/02/02",4.52
"2015/02/03",4.52
"2015/02/04",4.53
"2015/02/05",4.53
"2015/02/06",4.53
"2015/02/09",4.53
"2015/02/10",4.53
"2015/02/11",4.52
"2015/02/12",4.52
"2015/02/13",4.52
"2015/02/16",4.51
"2015/02/17",4.5
"2015/02/18",4.51
"2015/02/19",4.52
"2015/02/20",4.51
"2015/02/23",4.52
"2015/02/24",4.51
"2015/02/25",4.51
"2015/02/26",4.5
"2015/02/27",4.5
"2015/03/02",4.5
"2015/03/03",4.43
"2015/03/04",4.49
"2015/03/05",4.49
"2015/03/06",4.5
"2015/03/09",4.51
"2015/03/10",4.51
"2015/03/11",4.51
"2015/03/12",4.5
"2015/03/13",4.5
"2015/03/16",4.5
"2015/03/17",4.5
"2015/03/18",4.5
"2015/03/19",4.5
"2015/03/20",4.5
"2015/03/24",4.51
"2015/03/25",4.51
"2015/03/26",4.51
"2015/03/27",4.51
"2015/03/30",4.52
"2015/03/31",4.53
"2015/04/01",4.52
"2015/04/06",4.53
"2015/04/07",4.53
"2015/04/08",4.53
"2015/04/09",4.52
"2015/04/10",4.52
"2015/04/13",4.52
"2015/04/14",4.5
"2015/04/15",4.51
"2015/04/16",4.51
"2015/04/17",4.51
"2015/04/20",4.51
"2015/04/21",4.51
"2015/04/22",4.51
"2015/04/23",4.52
"2015/04/24",4.52
"2015/04/27",4.52
"2015/04/28",4.52
"2015/04/29",4.53
"2015/04/30",4.54
"2015/05/04",4.52
"2015/05/05",4.53
"2015/05/06",4.52
"2015/05/07",4.51
"2015/05/08",4.51
"2015/05/11",4.53
"2015/05/12",4.51
"2015/05/13",4.51
"2015/05/14",4.52
"2015/05/15",4.52
"2015/05/19",4.52
"2015/05/20",4.52
"2015/05/21",4.52
"2015/05/22",4.52
"2015/05/25",4.51
"2015/05/26",4.51
"2015/05/27",4.52
"2015/05/28",4.51
"2015/05/29",4.51
"2015/06/01",4.51
"2015/06/02",4.52
"2015/06/03",4.53
"2015/06/04",4.51
"2015/06/05",4.5
"2015/06/09",4.5
"2015/06/10",4.51
"2015/06/11",4.51
"2015/06/12",4.52
"2015/06/16",4.51
"2015/06/17",4.51
"2015/06/18",4.51
"2015/06/19",4.5
"2015/06/22",4.52
"2015/06/23",4.52
"2015/06/24",4.52
"2015/06/25",4.53
"2015/06/26",4.53
"2015/06/30",4.62
"2015/07/01",4.52
"2015/07/02",4.53
"2015/07/03",4.54
"2015/07/06",4.52
"2015/07/07",4.52
"2015/07/08",4.53
"2015/07/09",4.54
"2015/07/10",4.53
"2015/07/13",4.53
"2015/07/14",4.52
"2015/07/15",4.53
"2015/07/16",4.53
"2015/07/17",4.53
"2015/07/21",4.53
"2015/07/22",4.53
"2015/07/23",4.53
"2015/07/24",4.54
"2015/07/27",4.55
"2015/07/28",4.57
"2015/07/29",4.55
"2015/07/30",4.55
"2015/07/31",4.54
"2015/08/03",4.55
"2015/08/04",4.53
"2015/08/05",4.53
"2015/08/06",4.53
"2015/08/10",4.52
"2015/08/11",4.52
"2015/08/12",4.52
"2015/08/13",4.52
"2015/08/14",4.52
"2015/08/18",4.51
"2015/08/19",4.51
"2015/08/20",4.51
"2015/08/21",4.51
"2015/08/24",4.53
"2015/08/25",4.52
"2015/08/26",4.53
"2015/08/27",4.53
"2015/08/28",4.53
"2015/08/31",4.53
"2015/09/01",4.63
"2015/09/02",4.53
"2015/09/03",4.52
"2015/09/04",4.52
"2015/09/07",4.52
"2015/09/08",4.52
"2015/09/09",4.52
"2015/09/10",4.53
"2015/09/11",4.53
"2015/09/14",4.53
"2015/09/15",4.52
"2015/09/16",4.54
"2015/09/17",4.52
"2015/09/18",4.54
"2015/09/21",4.52
"2015/09/22",4.52
"2015/09/23",4.52
"2015/09/24",4.53
"2015/09/25",4.52
"2015/09/28",4.77
"2015/09/29",4.78
"2015/09/30",4.78
"2015/10/01",4.8
"2015/10/02",4.8
"2015/10/05",4.81
"2015/10/06",4.82
"2015/10/07",4.84
"2015/10/08",4.82
"2015/10/09",4.85
"2015/10/13",4.86
"2015/10/14",4.88
"2015/10/15",4.91
"2015/10/16",4.98
"2015/10/19",4.93
"2015/10/20",4.94
"2015/10/21",4.95
"2015/10/22",4.9
"2015/10/23",4.89
"2015/10/26",4.82
"2015/10/27",4.77
"2015/10/28",4.78
"2015/10/29",4.75
"2015/10/30",4.75
"2015/11/03",5.25
"2015/11/04",5.21
"2015/11/05",5.2
"2015/11/06",5.17
"2015/11/09",5.15
"2015/11/10",5.14
"2015/11/11",5.14
"2015/11/12",5.13
"2015/11/13",5.11
"2015/11/17",5.09
"2015/11/18",5.09
"2015/11/19",5.11
"2015/11/20",5.11
"2015/11/23",5.12
"2015/11/24",5.11
"2015/11/25",5.11
"2015/11/26",5.11
"2015/11/27",5.14
"2015/11/30",5.47
"2015/12/01",5.45
"2015/12/02",5.48
"2015/12/03",5.48
"2015/12/04",5.49
"2015/12/07",5.49
"2015/12/09",5.49
"2015/12/10",5.5
"2015/12/11",5.5
"2015/12/14",5.5
"2015/12/15",5.51
"2015/12/16",5.51
"2015/12/17",5.52
"2015/12/18",5.53
"2015/12/21",5.76
"2015/12/22",5.77
"2015/12/23",5.79
"2015/12/24",5.79
"2015/12/28",5.78
"2015/12/29",5.79
"2016/01/04",5.79
"2016/01/05",5.78
"2016/01/06",5.78
"2016/01/07",5.78
"2016/01/08",5.78
"2016/01/12",5.79
"2016/01/13",5.78
"2016/01/14",5.78
"2016/01/15",5.78
"2016/01/18",5.79
"2016/01/19",5.77
"2016/01/20",5.78
"2016/01/21",5.79
"2016/01/22",5.79
"2016/01/25",5.78
"2016/01/26",5.78
"2016/01/27",5.78
"2016/01/28",5.78
"2016/01/29",5.78
"2016/02/01",6.01
"2016/02/02",5.99
"2016/02/03",6
"2016/02/04",6.01
"2016/02/05",6.02
"2016/02/08",6.02
"2016/02/09",6.01
"2016/02/10",6.02
"2016/02/11",6.01
"2016/02/12",6
"2016/02/15",6.02
"2016/02/16",6
"2016/02/17",6.02
"2016/02/18",6.01
"2016/02/19",6.02
"2016/02/22",6.27
"2016/02/23",6.26
"2016/02/24",6.25
"2016/02/25",6.25
"2016/02/26",6.25
"2016/02/29",6.25
"2016/03/01",6.24
"2016/03/02",6.25
"2016/03/03",6.25
"2016/03/04",6.25
"2016/03/07",6.25
"2016/03/08",6.25
"2016/03/09",6.25
"2016/03/10",6.25
"2016/03/11",6.25
"2016/03/14",6.25
"2016/03/15",6.24
"2016/03/16",6.25
"2016/03/17",6.25
"2016/03/18",6.25
"2016/03/22",6.5
"2016/03/23",6.5
"2016/03/28",6.51
"2016/03/29",6.5
"2016/03/30",6.51
"2016/03/31",6.51
"2016/04/01",6.5
"2016/04/04",6.5
"2016/04/05",6.5
"2016/04/06",6.5
"2016/04/07",6.5
"2016/04/08",6.5
"2016/04/11",6.5
"2016/04/12",6.49
"2016/04/13",6.5
"2016/04/14",6.5
"2016/04/15",6.5
"2016/04/18",6.49
"2016/04/19",6.49
"2016/04/20",6.49
"2016/04/21",6.5
"2016/04/22",6.5
"2016/04/25",6.5
"2016/04/26",6.5
"2016/04/27",6.51
"2016/04/28",6.5
"2016/04/29",6.51
"2016/05/02",7
"2016/05/03",7
"2016/05/04",7
"2016/05/05",7
"2016/05/06",7
"2016/05/10",6.99
"2016/05/11",7
"2016/05/12",7.01
"2016/05/13",7.01
"2016/05/16",7.01
"2016/05/17",7
"2016/05/18",7.02
"2016/05/19",7.01
"2016/05/20",7.02
"2016/05/23",7.03
"2016/05/24",7.01
"2016/05/25",7.03
"2016/05/26",7.05
"2016/05/27",7.05
"2016/05/31",7.25
"2016/06/01",7.26
"2016/06/02",7.27
"2016/06/03",7.26
"2016/06/07",7.28
"2016/06/08",7.26
"2016/06/09",7.27
"2016/06/10",7.27
"2016/06/13",7.27
"2016/06/14",7.26
"2016/06/15",7.26
"2016/06/16",7.26
"2016/06/17",7.25
"2016/06/20",7.26
"2016/06/21",7.27
"2016/06/22",7.28
"2016/06/23",7.5
"2016/06/24",7.51
"2016/06/27",7.51
"2016/06/28",7.5
"2016/06/29",7.51
"2016/06/30",7.5
"2016/07/01",7.49
"2016/07/05",7.49
"2016/07/06",7.49
"2016/07/07",7.49
"2016/07/08",7.49
"2016/07/11",7.48
"2016/07/12",7.48
"2016/07/13",7.48
"2016/07/14",7.47
"2016/07/15",7.46
"2016/07/18",7.45
"2016/07/19",7.45
"2016/07/21",7.45
"2016/07/22",7.44
"2016/07/25",7.45
"2016/07/26",7.46
"2016/07/27",7.45
"2016/07/28",7.44
"2016/07/29",7.43
"2016/08/01",7.74
"2016/08/02",7.75
"2016/08/03",7.74
"2016/08/04",7.75
"2016/08/05",7.76
"2016/08/08",7.76
"2016/08/09",7.76
"2016/08/10",7.77
"2016/08/11",7.77
"2016/08/12",7.77
"2016/08/16",7.78
"2016/08/17",7.78
"2016/08/18",7.78
"2016/08/19",7.78
"2016/08/22",7.78
"2016/08/23",7.79
"2016/08/24",7.79
"2016/08/25",7.83
"2016/08/26",7.78
"2016/08/29",7.77
"2016/08/30",7.75
"2016/08/31",7.75
"2016/09/01",7.75
"2016/09/02",7.76
"2016/09/05",7.76
"2016/09/06",7.77
"2016/09/07",7.75
"2016/09/08",7.75
"2016/09/09",7.77
"2016/09/12",7.77
"2016/09/13",7.77
"2016/09/14",7.76
"2016/09/15",7.76
"2016/09/16",7.75
"2016/09/19",7.76
"2016/09/20",7.77
"2016/09/21",7.76
"2016/09/22",7.77
"2016/09/23",7.77
"2016/09/26",7.76
"2016/09/27",7.76
"2016/09/28",7.76
"2016/09/29",7.76
"2016/09/30",7.76
"2016/10/03",7.75
"2016/10/04",7.76
"2016/10/05",7.76
"2016/10/06",7.76
"2016/10/07",7.76
"2016/10/10",7.75
"2016/10/11",7.75
"2016/10/12",7.75
"2016/10/13",7.75
"2016/10/14",7.75
"2016/10/18",7.75
"2016/10/19",7.76
"2016/10/20",7.76
"2016/10/21",7.76
"2016/10/24",7.79
"2016/10/25",7.76
"2016/10/26",7.76
"2016/10/27",7.75
"2016/10/28",7.75
"2016/10/31",7.75
"2016/11/01",7.75
"2016/11/02",7.75
"2016/11/03",7.75
"2016/11/04",7.75
"2016/11/08",7.75
"2016/11/09",7.75
"2016/11/10",7.75
"2016/11/11",7.75
"2016/11/15",7.75
"2016/11/16",7.75
"2016/11/17",7.75
"2016/11/18",7.75
"2016/11/21",7.75
"2016/11/22",7.74
"2016/11/23",7.75
"2016/11/24",7.75
"2016/11/25",7.75
"2016/11/28",7.75
"2016/11/29",7.75
"2016/11/30",7.77
"2016/12/01",7.75
"2016/12/02",7.76
"2016/12/05",7.76
"2016/12/06",7.76
"2016/12/07",7.76
"2016/12/09",7.76
"2016/12/12",7.75
"2016/12/13",7.75
"2016/12/14",7.75
"2016/12/15",7.75
"2016/12/16",7.75
"2016/12/19",7.51
"2016/12/20",7.5
"2016/12/21",7.5
"2016/12/22",7.5
"2016/12/23",7.51
"2016/12/26",7.51
"2016/12/27",7.51
"2016/12/28",7.51
"2017/01/02",7.5
"2017/01/03",7.5
"2017/01/04",7.51
"2017/01/05",7.51
"2017/01/06",7.51
"2017/01/10",7.51
"2017/01/11",7.51
"2017/01/12",7.51
"2017/01/13",7.5
"2017/01/16",7.5
"2017/01/17",7.5
"2017/01/18",7.51
"2017/01/19",7.5
"2017/01/20",7.51
"2017/01/23",7.51
"2017/01/24",7.51
"2017/01/25",7.51
"2017/01/26",7.51
"2017/01/27",7.5
"2017/01/30",7.5
"2017/01/31",7.5
"2017/02/01",7.5
"2017/02/02",7.5
"2017/02/03",7.5
"2017/02/06",7.5
"2017/02/07",7.5
"2017/02/08",7.5
"2017/02/09",7.5
"2017/02/10",7.5
"2017/02/13",7.5
"2017/02/14",7.51
"2017/02/15",7.5
"2017/02/16",7.51
"2017/02/17",7.51
"2017/02/20",7.5
"2017/02/21",7.51
"2017/02/22",7.51
"2017/02/23",7.5
"2017/02/24",7.5
"2017/02/27",7.25
"2017/02/28",7.2
"2017/03/01",7.23
"2017/03/02",7.25
"2017/03/03",7.25
"2017/03/06",7.26
"2017/03/07",7.25
"2017/03/08",7.25
"2017/03/09",7.25
"2017/03/10",7.26
"2017/03/13",7.25
"2017/03/14",7.25
"2017/03/15",7.25
"2017/03/16",7.25
"2017/03/17",7.25
"2017/03/21",7.25
"2017/03/22",7.25
"2017/03/23",7.25
"2017/03/24",7.25
"2017/03/27",7
"2017/03/28",7
"2017/03/29",7
"2017/03/30",7
"2017/03/31",7
"2017/04/03",7
"2017/04/04",7
"2017/04/05",7.01
"2017/04/06",7
"2017/04/07",7
"2017/04/10",7
"2017/04/11",6.99
"2017/04/12",7
"2017/04/17",7
"2017/04/18",6.99
"2017/04/19",6.99
"2017/04/20",6.99
"2017/04/21",6.99
"2017/04/24",6.99
"2017/04/25",6.98
"2017/04/26",6.99
"2017/04/27",6.99
"2017/04/28",6.97
"2017/05/02",6.5
"2017/05/03",6.5
"2017/05/04",6.5
"2017/05/05",6.5
"2017/05/08",6.51
"2017/05/09",6.51
"2017/05/10",6.51
"2017/05/11",6.5
"2017/05/12",6.51
"2017/05/15",6.51
"2017/05/16",6.51
"2017/05/17",6.51
"2017/05/18",6.51
"2017/05/19",6.51
"2017/05/22",6.51
"2017/05/23",6.51
"2017/05/24",6.52
"2017/05/25",6.51
"2017/05/26",6.51
"2017/05/30",6.26
"2017/05/31",6.26
"2017/06/01",6.26
"2017/06/02",6.26
"2017/06/05",6.26
"2017/06/06",6.25
"2017/06/07",6.25
"2017/06/08",6.25
"2017/06/09",6.25
"2017/06/12",6.25
"2017/06/13",6.25
"2017/06/14",6.25
"2017/06/15",6.25
"2017/06/16",6.26
"2017/06/20",6.26
"2017/06/21",6.25
"2017/06/22",6.25
"2017/06/23",6.26
"2017/06/27",6.27
"2017/06/28",6.26
"2017/06/29",6.25
"2017/06/30",6.26
"2017/07/04",5.75
"2017/07/05",5.75
"2017/07/06",5.76
"2017/07/07",5.76
"2017/07/10",5.75
"2017/07/11",5.77
"2017/07/12",5.77
"2017/07/13",5.76
"2017/07/14",5.76
"2017/07/17",5.76
"2017/07/18",5.75
"2017/07/19",5.75
"2017/07/21",5.76
"2017/07/24",5.75
"2017/07/25",5.75
"2017/07/26",5.75
"2017/07/27",5.75
"2017/07/28",5.5
"2017/07/31",5.49
"2017/08/01",5.5
"2017/08/02",5.51
"2017/08/03",5.51
"2017/08/04",5.5
"2017/08/08",5.5
"2017/08/09",5.51
"2017/08/10",5.51
"2017/08/11",5.58
"2017/08/14",5.53
"2017/08/15",5.54
"2017/08/16",5.54
"2017/08/17",5.54
"2017/08/18",5.54
"2017/08/22",5.54
"2017/08/23",5.54
"2017/08/24",5.55
"2017/08/25",5.55
"2017/08/28",5.55
"2017/08/29",5.55
"2017/08/30",5.53
"2017/08/31",5.52
"2017/09/01",5.28
"2017/09/04",5.26
"2017/09/05",5.26
"2017/09/06",5.27
"2017/09/07",5.27
"2017/09/08",5.28
"2017/09/11",5.27
"2017/09/12",5.25
"2017/09/13",5.25
"2017/09/14",5.25
"2017/09/15",5.25
"2017/09/18",5.25
"2017/09/19",5.25
"2017/09/20",5.26
"2017/09/21",5.26
"2017/09/22",5.26
"2017/09/25",5.26
"2017/09/26",5.25
"2017/09/27",5.26
"2017/09/28",5.26
"2017/09/29",5.26
"2017/10/02",5.27
"2017/10/03",5.27
"2017/10/04",5.28
"2017/10/05",5.28
"2017/10/06",5.28
"2017/10/09",5.27
"2017/10/10",5.27
"2017/10/11",5.26
"2017/10/12",5.27
"2017/10/13",5.27
"2017/10/17",5.27
"2017/10/18",5.27
"2017/10/19",5.27
"2017/10/20",5.27
"2017/10/23",5.28
"2017/10/24",5.27
"2017/10/25",5.27
"2017/10/26",5.27
"2017/10/27",5.27
"2017/10/30",5.01
"2017/10/31",5.02
"2017/11/01",5.02
"2017/11/02",5.02
"2017/11/03",5.02
"2017/11/07",5.02
"2017/11/08",5.03
"2017/11/09",5.03
"2017/11/10",5.03
"2017/11/14",5.03
"2017/11/15",5.03
"2017/11/16",5.03
"2017/11/17",5.03
"2017/11/20",5.04
"2017/11/21",5.03
"2017/11/22",5.02
"2017/11/23",5.02
"2017/11/24",5.02
"2017/11/27",4.76
"2017/11/28",4.76
"2017/11/29",4.76
"2017/11/30",4.75
"2017/12/01",4.75
"2017/12/04",4.76
"2017/12/05",4.75
"2017/12/06",4.75
"2017/12/07",4.76
"2017/12/11",4.75
"2017/12/12",4.75
"2017/12/13",4.75
"2017/12/14",4.74
"2017/12/15",4.74
"2017/12/18",4.74
"2017/12/19",4.74
"2017/12/20",4.74
"2017/12/21",4.73
"2017/12/22",4.72
"2017/12/26",4.72
"2017/12/27",4.72
"2018/01/02",4.65
"2018/01/03",4.7
"2018/01/04",4.71
"2018/01/05",4.72
"2018/01/09",4.72
"2018/01/10",4.73
"2018/01/11",4.74
"2018/01/12",4.74
"2018/01/15",4.74
"2018/01/16",4.74
"2018/01/17",4.74
"2018/01/18",4.74
"2018/01/19",4.75
"2018/01/22",4.75
"2018/01/23",4.75
"2018/01/24",4.75
"2018/01/25",4.75
"2018/01/26",4.75
"2018/01/29",4.75
"2018/01/30",4.5
"2018/01/31",4.51
"2018/02/01",4.52
"2018/02/02",4.52
"2018/02/05",4.52
"2018/02/06",4.51
"2018/02/07",4.51
"2018/02/08",4.5
"2018/02/09",4.5
"2018/02/12",4.5
"2018/02/13",4.5
"2018/02/14",4.51
"2018/02/15",4.51
"2018/02/16",4.5
"2018/02/19",4.5
"2018/02/20",4.5
"2018/02/21",4.5
"2018/02/22",4.51
"2018/02/23",4.51
"2018/02/26",4.51
"2018/02/27",4.5
"2018/02/28",4.5
"2018/03/01",4.5
"2018/03/02",4.5
"2018/03/05",4.5
"2018/03/06",4.5
"2018/03/07",4.5
"2018/03/08",4.5
"2018/03/09",4.5
"2018/03/12",4.49
"2018/03/13",4.49
"2018/03/14",4.48
"2018/03/15",4.48
"2018/03/16",4.48
"2018/03/20",4.48
"2018/03/21",4.48
"2018/03/22",4.47
"2018/03/23",4.47
"2018/03/26",4.47
"2018/03/27",4.45
"2018/03/28",4.43
"2018/04/02",4.43
"2018/04/03",4.43
"2018/04/04",4.44
"2018/04/05",4.44
"2018/04/06",4.43
"2018/04/09",4.42
"2018/04/10",4.42
"2018/04/11",4.43
"2018/04/12",4.43
"2018/04/13",4.42
"2018/04/16",4.42
"2018/04/17",4.42
"2018/04/18",4.42
"2018/04/19",4.43
"2018/04/20",4.43
"2018/04/23",4.46
"2018/04/24",4.5
"2018/04/25",4.5
"2018/04/26",4.5
"2018/04/27",4.5
"2018/04/30",4.26
"2018/05/02",4.26
"2018/05/03",4.28
"2018/05/04",4.26
"2018/05/07",4.25
"2018/05/08",4.15
"2018/05/09",4.2
"2018/05/10",4.2
"2018/05/11",4.2
"2018/05/15",4.19
"2018/05/16",4.21
"2018/05/17",4.22
"2018/05/18",4.22
"2018/05/21",4.24
"2018/05/22",4.24
"2018/05/23",4.24
"2018/05/24",4.24
"2018/05/25",4.25
"2018/05/28",4.25
"2018/05/29",4.25
"2018/05/30",4.26
"2018/05/31",4.26
"2018/06/01",4.27
"2018/06/05",4.26
"2018/06/06",4.26
"2018/06/07",4.26
"2018/06/08",4.26
"2018/06/12",4.26
"2018/06/13",4.26
"2018/06/14",4.26
"2018/06/15",4.25
"2018/06/18",4.25
"2018/06/19",4.25
"2018/06/20",4.25
"2018/06/21",4.25
"2018/06/22",4.25
"2018/06/25",4.26
"2018/06/26",4.25
"2018/06/27",4.25
"2018/06/28",4.25
"2018/06/29",4.26
"2018/07/03",4.26
"2018/07/04",4.26
"2018/07/05",4.25
"2018/07/06",4.27
"2018/07/09",4.27
"2018/07/10",4.26
"2018/07/11",4.27
"2018/07/12",4.26
"2018/07/13",4.26
"2018/07/16",4.26
"2018/07/17",4.25
"2018/07/18",4.25
"2018/07/19",4.26
"2018/07/23",4.26
"2018/07/24",4.26
"2018/07/25",4.26
"2018/07/26",4.25
"2018/07/27",4.25
"2018/07/30",4.25
"2018/07/31",4.25
"2018/08/01",4.26
"2018/08/02",4.26
"2018/08/03",4.25
"2018/08/06",4.25
"2018/08/08",4.26
"2018/08/09",4.25
"2018/08/10",4.26
"2018/08/13",4.25
"2018/08/14",4.26
"2018/08/15",4.25
"2018/08/16",4.25
"2018/08/17",4.25
"2018/08/21",4.26
"2018/08/22",4.26
"2018/08/23",4.26
"2018/08/24",4.26
"2018/08/27",4.26
"2018/08/28",4.25
"2018/08/29",4.25
"2018/08/30",4.25
"2018/08/31",4.25
"2018/09/03",4.26
"2018/09/04",4.26
"2018/09/05",4.25
"2018/09/06",4.25
"2018/09/07",4.25
"2018/09/10",4.25
"2018/09/11",4.24
"2018/09/12",4.24
"2018/09/13",4.25
"2018/09/14",4.25
"2018/09/17",4.25
"2018/09/18",4.25
"2018/09/19",4.26
"2018/09/20",4.26
"2018/09/21",4.26
"2018/09/24",4.26
"2018/09/25",4.26
"2018/09/26",4.26
"2018/09/27",4.26
"2018/09/28",4.25
"2018/10/01",4.25
"2018/10/02",4.26
"2018/10/03",4.26
"2018/10/04",4.26
"2018/10/05",4.26
"2018/10/08",4.25
"2018/10/09",4.26
"2018/10/10",4.26
"2018/10/11",4.26
"2018/10/12",4.26
"2018/10/16",4.27
"2018/10/17",4.26
"2018/10/18",4.26
"2018/10/19",4.25
"2018/10/22",4.26
"2018/10/23",4.26
"2018/10/24",4.26
"2018/10/25",4.26
"2018/10/26",4.26
"2018/10/29",4.26
"2018/10/30",4.26
"2018/10/31",4.25
"2018/11/01",4.25
"2018/11/02",4.26
"2018/11/06",4.26
"2018/11/07",4.25
"2018/11/08",4.25
"2018/11/09",4.25
"2018/11/13",4.25
"2018/11/14",4.25
"2018/11/15",4.26
"2018/11/16",4.25
"2018/11/19",4.26
"2018/11/20",4.26
"2018/11/21",4.26
"2018/11/22",4.26
"2018/11/23",4.26
"2018/11/26",4.26
"2018/11/27",4.26
"2018/11/28",4.25
"2018/11/29",4.26
"2018/11/30",4.25
"2018/12/03",4.25
"2018/12/04",4.25
"2018/12/05",4.25
"2018/12/06",4.25
"2018/12/07",4.25
"2018/12/10",4.25
"2018/12/11",4.25
"2018/12/12",4.24
"2018/12/13",4.24
"2018/12/14",4.25
"2018/12/17",4.24
"2018/12/18",4.24
"2018/12/19",4.24
"2018/12/20",4.24
"2018/12/21",4.24
"2018/12/24",4.24
"2018/12/26",4.25
"2018/12/27",4.25
"2019/01/02",4.25
"2019/01/03",4.25
"2019/01/04",4.26
"2019/01/08",4.26
"2019/01/09",4.26
"2019/01/10",4.25
"2019/01/11",4.26
"2019/01/14",4.26
"2019/01/15",4.25
"2019/01/16",4.25
"2019/01/17",4.26
"2019/01/18",4.26
"2019/01/21",4.26
"2019/01/22",4.25
"2019/01/23",4.25
"2019/01/24",4.25
"2019/01/25",4.25
"2019/01/28",4.26
"2019/01/29",4.26
"2019/01/30",4.25
"2019/01/31",4.25
"2019/02/01",4.25
"2019/02/04",4.25
"2019/02/05",4.26
"2019/02/06",4.25
"2019/02/07",4.25
"2019/02/08",4.26
"2019/02/11",4.25
"2019/02/12",4.26
"2019/02/13",4.26
"2019/02/14",4.26
"2019/02/15",4.25
"2019/02/18",4.26
"2019/02/19",4.26
"2019/02/20",4.26
"2019/02/21",4.26
"2019/02/22",4.26
"2019/02/25",4.26
"2019/02/26",4.26
"2019/02/27",4.25
"2019/02/28",4.26
"2019/03/01",4.25
"2019/03/04",4.25
"2019/03/05",4.25
"2019/03/06",4.25
"2019/03/07",4.25
"2019/03/08",4.25
"2019/03/11",4.25
"2019/03/12",4.26
"2019/03/13",4.26
"2019/03/14",4.26
"2019/03/15",4.25
"2019/03/18",4.25
"2019/03/19",4.26
"2019/03/20",4.26
"2019/03/21",4.26
"2019/03/22",4.26
"2019/03/26",4.26
"2019/03/27",4.26
"2019/03/28",4.26
"2019/03/29",4.26
"2019/04/01",4.25
"2019/04/02",4.26
"2019/04/03",4.26
"2019/04/04",4.25
"2019/04/05",4.25
"2019/04/08",4.26
"2019/04/09",4.26
"2019/04/10",4.26
"2019/04/11",4.26
"2019/04/12",4.26
"2019/04/15",4.26
"2019/04/16",4.26
"2019/04/17",4.25
"2019/04/22",4.26
"2019/04/23",4.26
"2019/04/24",4.26
"2019/04/25",4.26
"2019/04/26",4.25
"2019/04/29",4.26
"2019/04/30",4.25
"2019/05/02",4.26
"2019/05/03",4.25
"2019/05/06",4.25
"2019/05/07",4.25
"2019/05/08",4.25
"2019/05/09",4.26
"2019/05/10",4.25
"2019/05/13",4.25
"2019/05/14",4.25
"2019/05/15",4.26
"2019/05/16",4.26
"2019/05/17",4.26
"2019/05/20",4.26
"2019/05/21",4.27
"2019/05/22",4.27
"2019/05/23",4.27
"2019/05/24",4.27
"2019/05/27",4.27
"2019/05/28",4.27
"2019/05/29",4.27
"2019/05/30",4.27
"2019/05/31",4.27
"2019/06/04",4.26
"2019/06/05",4.27
"2019/06/06",4.27
"2019/06/07",4.26
"2019/06/10",4.26
"2019/06/11",4.26
"2019/06/12",4.26
"2019/06/13",4.26
"2019/06/14",4.26
"2019/06/17",4.26
"2019/06/18",4.27
"2019/06/19",4.27
"2019/06/20",4.26
"2019/06/21",4.26
"2019/06/25",4.26
"2019/06/26",4.26
"2019/06/27",4.26
"2019/06/28",4.28
"2019/07/02",4.26
"2019/07/03",4.26
"2019/07/04",4.26
"2019/07/05",4.26
"2019/07/08",4.25
"2019/07/09",4.25
"2019/07/10",4.25
"2019/07/11",4.25
"2019/07/12",4.25
"2019/07/15",4.26
"2019/07/16",4.25
"2019/07/17",4.25
"2019/07/18",4.25
"2019/07/19",4.26
"2019/07/22",4.26
"2019/07/23",4.26
"2019/07/24",4.26
"2019/07/25",4.27
"2019/07/26",4.27
"2019/07/29",4.27
"2019/07/30",4.27
"2019/07/31",4.27
"2019/08/01",4.27
"2019/08/02",4.27
"2019/08/05",4.27
"2019/08/06",4.27
"2019/08/08",4.27
"2019/08/09",4.26
"2019/08/12",4.26
"2019/08/13",4.27
"2019/08/14",4.27
"2019/08/15",4.27
"2019/08/16",4.27
"2019/08/20",4.27
"2019/08/21",4.27
"2019/08/22",4.27
"2019/08/23",4.28
"2019/08/26",4.27
"2019/08/27",4.27
"2019/08/28",4.28
"2019/08/29",4.28
"2019/08/30",4.28
"2019/09/02",4.28
"2019/09/03",4.26
"2019/09/04",4.27
"2019/09/05",4.26
"2019/09/06",4.26
"2019/09/09",4.26
"2019/09/10",4.26
"2019/09/11",4.26
"2019/09/12",4.25
"2019/09/13",4.25
"2019/09/16",4.25
"2019/09/17",4.25
"2019/09/18",4.25
"2019/09/19",4.25
"2019/09/20",4.25
"2019/09/23",4.25
"2019/09/24",4.26
"2019/09/25",4.26
"2019/09/26",4.26
"2019/09/27",4.25
"2019/09/30",4.25
"2019/10/01",4.25
"2019/10/02",4.25
"2019/10/03",4.26
"2019/10/04",4.26
"2019/10/07",4.26
"2019/10/08",4.26
"2019/10/09",4.25
"2019/10/10",4.26
"2019/10/11",4.26
"2019/10/15",4.26
"2019/10/16",4.26
"2019/10/17",4.26
"2019/10/18",4.26
"2019/10/21",4.26
"2019/10/22",4.26
"2019/10/23",4.26
"2019/10/24",4.26
"2019/10/25",4.26
"2019/10/28",4.26
"2019/10/29",4.26
"2019/10/30",4.26
"2019/10/31",4.26
"2019/11/01",4.25
"2019/11/05",4.25
"2019/11/06",4.26
"2019/11/07",4.25
"2019/11/08",4.25
"2019/11/12",4.25
"2019/11/13",4.25
"2019/11/14",4.25
"2019/11/15",4.25
"2019/11/18",4.25
"2019/11/19",4.26
"2019/11/20",4.25
"2019/11/21",4.25
"2019/11/22",4.27
"2019/11/25",4.26
"2019/11/26",4.27
"2019/11/27",4.27
"2019/11/28",4.26
"2019/11/29",4.25
"2019/12/02",4.26
"2019/12/03",4.27
"2019/12/04",4.26
"2019/12/05",4.27
"2019/12/06",4.26
"2019/12/09",4.26
"2019/12/10",4.26
"2019/12/11",4.26
"2019/12/12",4.26
"2019/12/13",4.26
"2019/12/16",4.26
"2019/12/17",4.25
"2019/12/18",4.25
"2019/12/19",4.25
"2019/12/20",4.26
"2019/12/23",4.26
"2019/12/24",4.26
"2019/12/26",4.26
"2019/12/27",4.26
"2020/01/02",4.27
"2020/01/03",4.26
"2020/01/07",4.26
"2020/01/08",4.26
"2020/01/09",4.25
"2020/01/10",4.26
"2020/01/13",4.25
"2020/01/14",4.26
"2020/01/15",4.25
"2020/01/16",4.25
"2020/01/17",4.25
"2020/01/20",4.25
"2020/01/21",4.25
"2020/01/22",4.26
"2020/01/23",4.25
"2020/01/24",4.25
"2020/01/27",4.25
"2020/01/28",4.26
"2020/01/29",4.26
"2020/01/30",4.25
"2020/01/31",4.26
"2020/02/03",4.26
"2020/02/04",4.26
"2020/02/05",4.26
"2020/02/06",4.26
"2020/02/07",4.26
"2020/02/10",4.25
"2020/02/11",4.26
"2020/02/12",4.25
"2020/02/13",4.25
"2020/02/14",4.25
"2020/02/17",4.25
"2020/02/18",4.25
"2020/02/19",4.25
"2020/02/20",4.26
"2020/02/21",4.26
"2020/02/24",4.26
"2020/02/25",4.26
"2020/02/26",4.26
"2020/02/27",4.26
"2020/02/28",4.26
"2020/03/02",4.26
"2020/03/03",4.25
"2020/03/04",4.25
"2020/03/05",4.25
"2020/03/06",4.26
"2020/03/09",4.26
"2020/03/10",4.26
"2020/03/11",4.26
"2020/03/12",4.26
"2020/03/13",4.26
"2020/03/16",4.25
"2020/03/17",4.25
"2020/03/18",4.24
"2020/03/19",4.23
"2020/03/20",4.19
"2020/03/24",4.16
"2020/03/25",4.11
"2020/03/26",4.05
"2020/03/27",3.91
"2020/03/30",3.72
"2020/03/31",3.67
"2020/04/01",3.65
"2020/04/02",3.72
"2020/04/03",3.72
"2020/04/06",3.62
"2020/04/07",3.58
"2020/04/08",3.58
"2020/04/13",3.53
"2020/04/14",3.6
"2020/04/15",3.65
"2020/04/16",3.69
"2020/04/17",3.72
"2020/04/20",3.72
"2020/04/21",3.73
"2020/04/22",3.74
"2020/04/23",3.72
"2020/04/24",3.72
"2020/04/27",3.68
"2020/04/28",3.69
"2020/04/29",3.71
"2020/04/30",3.75
"2020/05/04",3.25
"2020/05/05",3.25
"2020/05/06",3.25
"2020/05/07",3.27
"2020/05/08",3.26
"2020/05/11",3.25
"2020/05/12",3.22
"2020/05/13",3.21
"2020/05/14",3.23
"2020/05/15",3.23
"2020/05/18",3.22
"2020/05/19",3.23
"2020/05/20",3.22
"2020/05/21",3.2
"2020/05/22",3.2
"2020/05/26",3.16
"2020/05/27",3.21
"2020/05/28",3.22
"2020/05/29",3.25
"2020/06/01",2.75
"2020/06/02",2.76
"2020/06/03",2.76
"2020/06/04",2.77
"2020/06/05",2.75
"2020/06/08",2.75
"2020/06/09",2.75
"2020/06/10",2.75
"2020/06/11",2.74
"2020/06/12",2.75
"2020/06/16",2.73
"2020/06/17",2.73
"2020/06/18",2.75
"2020/06/19",2.76
"2020/06/23",2.76
"2020/06/24",2.75
"2020/06/25",2.75
"2020/06/26",2.77
"2020/06/30",2.77
"2020/07/01",2.5
"2020/07/02",2.5
"2020/07/03",2.5
"2020/07/06",2.5
"2020/07/07",2.48
"2020/07/08",2.48
"2020/07/09",2.49
"2020/07/10",2.49
"2020/07/13",2.49
"2020/07/14",2.5
"2020/07/15",2.5
"2020/07/16",2.49
"2020/07/17",2.49
"2020/07/21",2.49
"2020/07/22",2.5
"2020/07/23",2.49
"2020/07/24",2.49
"2020/07/27",2.48
"2020/07/28",2.47
"2020/07/29",2.48
"2020/07/30",2.47
"2020/07/31",2.46
"2020/08/03",2.23
"2020/08/04",2.22
"2020/08/05",2.22
"2020/08/06",2.22
"2020/08/10",2.23
"2020/08/11",2.22
"2020/08/12",2.22
"2020/08/13",2.22
"2020/08/14",2.22
"2020/08/18",2.22
"2020/08/19",2.22
"2020/08/20",2.22
"2020/08/21",2.22
"2020/08/24",2.23
"2020/08/25",2.23
"2020/08/26",2.23
"2020/08/27",2.23
"2020/08/28",2.22
"2020/08/31",2.23
"2020/09/01",1.99
"2020/09/02",1.99
"2020/09/03",2
"2020/09/04",2
"2020/09/07",2.01
"2020/09/08",2
"2020/09/09",1.99
"2020/09/10",1.98
"2020/09/11",1.98
"2020/09/14",1.98
"2020/09/15",1.99
"2020/09/16",1.99
"2020/09/17",2
"2020/09/18",2
"2020/09/21",2.01
"2020/09/22",2
"2020/09/23",2.01
"2020/09/24",2
"2020/09/25",2
"2020/09/28",1.75
"2020/09/29",1.76
"2020/09/30",1.76
"2020/10/01",1.76
"2020/10/02",1.75
"2020/10/05",1.75
"2020/10/06",1.75
"2020/10/07",1.75
"2020/10/08",1.75
"2020/10/09",1.74
"2020/10/13",1.75
"2020/10/14",1.75
"2020/10/15",1.75
"2020/10/16",1.75
"2020/10/19",1.75
"2020/10/20",1.75
"2020/10/21",1.75
"2020/10/22",1.75
"2020/10/23",1.75
"2020/10/26",1.75
"2020/10/27",1.75
"2020/10/28",1.75
"2020/10/29",1.75
"2020/10/30",1.75
"2020/11/03",1.75
"2020/11/04",1.75
"2020/11/05",1.76
"2020/11/06",1.74
"2020/11/09",1.75
"2020/11/10",1.75
"2020/11/11",1.75
"2020/11/12",1.75
"2020/11/13",1.75
"2020/11/17",1.75
"2020/11/18",1.74
"2020/11/19",1.76
"2020/11/20",1.75
"2020/11/23",1.75
"2020/11/24",1.75
"2020/11/25",1.76
"2020/11/26",1.75
"2020/11/27",1.75
"2020/11/30",1.75
"2020/12/01",1.76
"2020/12/02",1.75
"2020/12/03",1.75
"2020/12/04",1.75
"2020/12/07",1.76
"2020/12/09",1.76
"2020/12/10",1.76
"2020/12/11",1.76
"2020/12/14",1.76
"2020/12/15",1.76
"2020/12/16",1.76
"2020/12/17",1.76
"2020/12/18",1.76
"2020/12/21",1.76
"2020/12/22",1.76
"2020/12/23",1.76
"2020/12/24",1.76
"2020/12/28",1.76
"2020/12/29",1.75
"2021/01/04",1.75
"2021/01/05",1.75
"2021/01/06",1.73
"2021/01/07",1.73
"2021/01/08",1.74
"2021/01/12",1.74
"2021/01/13",1.73
"2021/01/14",1.73
"2021/01/15",1.73
"2021/01/18",1.74
"2021/01/19",1.73
"2021/01/20",1.73
"2021/01/21",1.73
"2021/01/22",1.74
"2021/01/25",1.74
"2021/01/26",1.74
"2021/01/27",1.74
"2021/01/28",1.75
"2021/01/29",1.74
"2021/02/01",1.75
"2021/02/02",1.75
"2021/02/03",1.75
"2021/02/04",1.75
"2021/02/05",1.75
"2021/02/08",1.75
"2021/02/09",1.75
"2021/02/10",1.75
"2021/02/11",1.75
"2021/02/12",1.75
"2021/02/15",1.75
"2021/02/16",1.75
"2021/02/17",1.75
"2021/02/18",1.75
"2021/02/19",1.75
"2021/02/22",1.75
"2021/02/23",1.75
"2021/02/24",1.75
"2021/02/25",1.75
"2021/02/26",1.74
"2021/03/01",1.73
"2021/03/02",1.73
"2021/03/03",1.73
"2021/03/04",1.73
"2021/03/05",1.74
"2021/03/08",1.73
"2021/03/09",1.72
"2021/03/10",1.73
"2021/03/11",1.71
"2021/03/12",1.66
"2021/03/15",1.65
"2021/03/16",1.67
"2021/03/17",1.7
"2021/03/18",1.71
"2021/03/19",1.71
"2021/03/23",1.71
"2021/03/24",1.72
"2021/03/25",1.72
"2021/03/26",1.72
"2021/03/29",1.71
"2021/03/30",1.73
"2021/03/31",1.73
"2021/04/05",1.72
"2021/04/06",1.72
"2021/04/07",1.73
"2021/04/08",1.73
"2021/04/09",1.74
"2021/04/12",1.73
"2021/04/13",1.73
"2021/04/14",1.73
"2021/04/15",1.73
"2021/04/16",1.73
"2021/04/19",1.74
"2021/04/20",1.74
"2021/04/21",1.74
"2021/04/22",1.75
"2021/04/23",1.75
"2021/04/26",1.75
"2021/04/27",1.75
"2021/04/28",1.74
"2021/04/29",1.75
"2021/04/30",1.75
"2021/05/03",1.76
"2021/05/04",1.76
"2021/05/05",1.76
"2021/05/06",1.76
"2021/05/07",1.76
"2021/05/10",1.75
"2021/05/11",1.75
"2021/05/12",1.75
"2021/05/13",1.75
"2021/05/14",1.75
"2021/05/18",1.75
"2021/05/19",1.76
"2021/05/20",1.76
"2021/05/21",1.76
"2021/05/24",1.76
"2021/05/25",1.76
"2021/05/26",1.76
"2021/05/27",1.77
"2021/05/28",1.77
"2021/05/31",1.76
"2021/06/01",1.75
"2021/06/02",1.76
"2021/06/03",1.76
"2021/06/04",1.76
"2021/06/08",1.76
"2021/06/09",1.75
"2021/06/10",1.75
"2021/06/11",1.75
"2021/06/15",1.75
"2021/06/16",1.75
"2021/06/17",1.75
"2021/06/18",1.75
"2021/06/21",1.75
"2021/06/22",1.75
"2021/06/23",1.75
"2021/06/24",1.75
"2021/06/25",1.75
"2021/06/28",1.75
"2021/06/29",1.75
"2021/06/30",1.75
"2021/07/01",1.76
"2021/07/02",1.77
"2021/07/06",1.75
"2021/07/07",1.75
"2021/07/08",1.75
"2021/07/09",1.78
"2021/07/12",1.75
"2021/07/13",1.75
"2021/07/14",1.75
"2021/07/15",1.79
"2021/07/16",1.75
"2021/07/19",1.76
"2021/07/21",1.76
"2021/07/22",1.76
"2021/07/23",1.77
"2021/07/26",1.76
"2021/07/27",1.76
"2021/07/28",1.75
"2021/07/29",1.76
"2021/07/30",1.77
"2021/08/02",1.75
"2021/08/03",1.75
"2021/08/04",1.75
"2021/08/05",1.75
"2021/08/06",1.75
"2021/08/09",1.75
"2021/08/10",1.75
"2021/08/11",1.76
"2021/08/12",1.76
"2021/08/13",1.76
"2021/08/17",1.76
"2021/08/18",1.76
"2021/08/19",1.76
"2021/08/20",1.76
"2021/08/23",1.76
"2021/08/24",1.77
"2021/08/25",1.77
"2021/08/26",1.77
"2021/08/27",1.77
"2021/08/30",1.77
"2021/08/31",1.77
"2021/09/01",1.76
"2021/09/02",1.76
"2021/09/03",1.77
"2021/09/06",1.78
"2021/09/07",1.78
"2021/09/08",1.77
"2021/09/09",1.77
"2021/09/10",1.76
"2021/09/13",1.77
"2021/09/14",1.78
"2021/09/15",1.78
"2021/09/16",1.79
"2021/09/17",1.78
"2021/09/20",1.79
"2021/09/21",1.8
"2021/09/22",1.8
"2021/09/23",1.8
"2021/09/24",1.81
"2021/09/27",1.8
"2021/09/28",1.8
"2021/09/29",1.8
"2021/09/30",1.8
"2021/10/01",2.05
"2021/10/04",2.06
"2021/10/05",2.06
"2021/10/06",2.05
"2021/10/07",2.05
"2021/10/08",2.04
"2021/10/11",2.05
"2021/10/12",2.04
"2021/10/13",2.05
"2021/10/14",2.05
"2021/10/15",2.04
"2021/10/19",2.06
"2021/10/20",2.04
"2021/10/21",2.04
"2021/10/22",2.03
"2021/10/25",2.03
"2021/10/26",2.04
"2021/10/27",2.03
"2021/10/28",2.05
"2021/10/29",2.04
"2021/11/02",2.54
"2021/11/03",2.56
"2021/11/04",2.55
"2021/11/05",2.55
"2021/11/08",2.54
"2021/11/09",2.54
"2021/11/10",2.54
"2021/11/11",2.55
"2021/11/12",2.55
"2021/11/16",2.56
"2021/11/17",2.55
"2021/11/18",2.56
"2021/11/19",2.55
"2021/11/22",2.55
"2021/11/23",2.55
"2021/11/24",2.56
"2021/11/25",2.57
"2021/11/26",2.57
"2021/11/29",2.58
"2021/11/30",2.56
"2021/12/01",2.57
"2021/12/02",2.57
"2021/12/03",2.57
"2021/12/06",2.57
"2021/12/07",2.55
"2021/12/09",2.56
"2021/12/10",2.54
"2021/12/13",2.56
"2021/12/14",2.54
"2021/12/15",2.55
"2021/12/16",2.54
"2021/12/17",2.54
"2021/12/20",3.01
"2021/12/21",3.02
"2021/12/22",3
"2021/12/23",3
"2021/12/24",2.98
"2021/12/27",2.98
"2021/12/28",3.01
"2021/12/29",2.99
"2022/01/03",2.99
"2022/01/04",2.98
"2022/01/05",3
"2022/01/06",2.99
"2022/01/07",3.01
"2022/01/11",3.03
"2022/01/12",3.02
"2022/01/13",3.03
"2022/01/14",3.09
"2022/01/17",3.09
"2022/01/18",3.11
"2022/01/19",3.12
"2022/01/20",3.11
"2022/01/21",3.03
"2022/01/24",3.04
"2022/01/25",3.05
"2022/01/26",3.07
"2022/01/27",3.04
"2022/01/28",3.05
"2022/01/31",4.06
"2022/02/01",4.08
"2022/02/02",4.03
"2022/02/03",4.04
"2022/02/04",4.04
"2022/02/07",4.07
"2022/02/08",4.05
"2022/02/09",4.1
"2022/02/10",4.11
"2022/02/11",4.06
"2022/02/14",4.06
"2022/02/15",4.06
"2022/02/16",4.06
"2022/02/17",4.12
"2022/02/18",4.09
"2022/02/21",4.16
"2022/02/22",4.15
"2022/02/23",4.15
"2022/02/24",4.16
"2022/02/25",4.11
"2022/02/28",4.08
"2022/03/01",4.09
"2022/03/02",4.07
"2022/03/03",4.08
"2022/03/04",4.08
"2022/03/07",4.07
"2022/03/08",4.06
"2022/03/09",4.06
"2022/03/10",4.05
"2022/03/11",4.01
"2022/03/14",3.99
"2022/03/15",3.94
"2022/03/16",4.01
"2022/03/17",4.06
"2022/03/18",4.06
"2022/03/22",4.06
"2022/03/23",4.06
"2022/03/24",4.11
"2022/03/25",4.08
"2022/03/28",4.07
"2022/03/29",4.06
"2022/03/30",4.12
"2022/03/31",4.1
"2022/04/01",5.04
"2022/04/04",5.06
"2022/04/05",5.05
"2022/04/06",5.04
"2022/04/07",5.06
"2022/04/08",5.1
"2022/04/11",5.08
"2022/04/12",5.11
"2022/04/13",5.12
"2022/04/18",5.12
"2022/04/19",5.12
"2022/04/20",5.11
"2022/04/21",5.19
"2022/04/22",5.12
"2022/04/25",5.1
"2022/04/26",5.1
"2022/04/27",5.13
"2022/04/28",5.12
"2022/04/29",5.1
"2022/05/02",6.11
"2022/05/03",6.07
"2022/05/04",6.07
"2022/05/05",6.04
"2022/05/06",6.03
"2022/05/09",6.02
"2022/05/10",5.99
"2022/05/11",6.02
"2022/05/12",6.03
"2022/05/13",6.08
"2022/05/16",6.15
"2022/05/17",6.16
"2022/05/18",6.15
"2022/05/19",6.19
"2022/05/20",6.15
"2022/05/23",6.03
"2022/05/24",6
"2022/05/25",6
"2022/05/26",6.01
"2022/05/27",6.01
"2022/05/31",6.07
"2022/06/01",6.03
"2022/06/02",6.03
"2022/06/03",6.26
"2022/06/06",6.04
"2022/06/07",6.04
"2022/06/08",6.03
"2022/06/09",6.03
"2022/06/10",6.03
"2022/06/13",6.06
"2022/06/14",6.03
"2022/06/15",6.02
"2022/06/16",6.12
"2022/06/17",6.09
"2022/06/21",6.03
"2022/06/22",6.03
"2022/06/23",6.09
"2022/06/24",6.08
"2022/06/28",6.02
"2022/06/29",6.12
"2022/06/30",6.01
"2022/07/01",7.5
"2022/07/05",7.52
"2022/07/06",7.51
"2022/07/07",7.51
"2022/07/08",7.5
"2022/07/11",7.5
"2022/07/12",7.51
"2022/07/13",7.48
"2022/07/14",7.5
"2022/07/15",7.5
"2022/07/18",7.48
"2022/07/19",7.54
"2022/07/21",7.5
"2022/07/22",7.5
"2022/07/25",7.48
"2022/07/26",7.49
"2022/07/27",7.47
"2022/07/28",7.46
"2022/07/29",7.48
"2022/08/01",9.01
"2022/08/02",9.01
"2022/08/03",9.01
"2022/08/04",9.01
"2022/08/05",9.01
"2022/08/08",9.01
"2022/08/09",9.01
"2022/08/10",9.01
"2022/08/11",9
"2022/08/12",9.01
"2022/08/16",9.01
"2022/08/17",9.01
"2022/08/18",9.07
"2022/08/19",9.08
"2022/08/22",9.02
"2022/08/23",9.01
"2022/08/24",9.03
"2022/08/25",9.07
"2022/08/26",9.01
"2022/08/29",9.01
"2022/08/30",9
"2022/08/31",9
"2022/09/01",9.03
"2022/09/02",9.06
"2022/09/05",9.02
"2022/09/06",9.01
"2022/09/07",9
"2022/09/08",9
"2022/09/09",9
"2022/09/12",8.99
"2022/09/13",8.98
"2022/09/14",8.99
"2022/09/15",9.01
"2022/09/16",9.01
"2022/09/19",9.01
"2022/09/20",9.11
"2022/09/21",9.1
"2022/09/22",9.03
"2022/09/23",9.04
"2022/09/26",9.04
"2022/09/27",9.04
"2022/09/28",9.01
"2022/09/29",9.01
"2022/09/30",10.02
"2022/10/03",10.02
"2022/10/04",10.03
"2022/10/05",10.03
"2022/10/06",10.03
"2022/10/07",10.03
"2022/10/10",10.03
"2022/10/11",10.03
"2022/10/12",10.04
"2022/10/13",10.06
"2022/10/14",10.08
"2022/10/18",10.05
"2022/10/19",10.05
"2022/10/20",10.05
"2022/10/21",10.03
"2022/10/24",10.07
"2022/10/25",10.06
"2022/10/26",10.07
"2022/10/27",10.05
"2022/10/28",10.1
"2022/10/31",11
"2022/11/01",11
"2022/11/02",10.99
"2022/11/03",10.99
"2022/11/04",11.01
"2022/11/08",10.96
"2022/11/09",10.98
"2022/11/10",10.96
"2022/11/11",10.99
"2022/11/15",10.99
"2022/11/16",11.01
"2022/11/17",11.01
"2022/11/18",10.98
"2022/11/21",11.01
"2022/11/22",10.99
"2022/11/23",10.99
"2022/11/24",10.99
"2022/11/25",10.99
"2022/11/28",10.97
"2022/11/29",10.97
"2022/11/30",10.95
"2022/12/01",11
"2022/12/02",11
"2022/12/05",11
"2022/12/06",10.99
"2022/12/07",10.99
"2022/12/09",11
"2022/12/12",11
"2022/12/13",11
"2022/12/14",11
"2022/12/15",11.01
"2022/12/16",11.02
"2022/12/19",11.99
"2022/12/20",11.98
"2022/12/21",11.99
"2022/12/22",12
"2022/12/23",11.99
"2022/12/26",11.97
"2022/12/27",11.97
"2022/12/28",11.96
"2023/01/02",11.93
"2023/01/03",11.9
"2023/01/04",11.91
"2023/01/05",11.92
"2023/01/06",11.92
"2023/01/10",11.93
"2023/01/11",11.94
"2023/01/12",11.91
"2023/01/13",11.94
"2023/01/16",11.88
"2023/01/17",11.91
"2023/01/18",11.93
"2023/01/19",11.93
"2023/01/20",11.93
"2023/01/23",11.95
"2023/01/24",11.97
"2023/01/25",11.98
"2023/01/26",12
"2023/01/27",12
"2023/01/30",12.82
"2023/01/31",12.72
"2023/02/01",12.75
"2023/02/02",12.76
"2023/02/03",12.75
"2023/02/06",12.76
"2023/02/07",12.77
"2023/02/08",12.78
"2023/02/09",12.78
"2023/02/10",12.79
"2023/02/13",12.79
"2023/02/14",12.81
"2023/02/15",12.81
"2023/02/16",12.78
"2023/02/17",12.76
"2023/02/20",12.77
"2023/02/21",12.79
"2023/02/22",12.79
"2023/02/23",12.79
"2023/02/24",12.74
"2023/02/27",12.71
"2023/02/28",12.59
"2023/03/01",12.56
"2023/03/02",12.53
"2023/03/03",12.56
"2023/03/06",12.61
"2023/03/07",12.73
"2023/03/08",12.62
"2023/03/09",12.51
"2023/03/10",12.46
"2023/03/13",12.44
"2023/03/14",12.5
"2023/03/15",12.54
"2023/03/16",12.65
"2023/03/17",12.65
"2023/03/21",12.66
"2023/03/22",12.66
"2023/03/23",12.62
"2023/03/24",12.65
"2023/03/27",12.67
"2023/03/28",12.68
"2023/03/29",12.74
"2023/03/30",12.74
"2023/03/31",12.95
"2023/04/03",12.95
"2023/04/04",12.99
"2023/04/05",13
"2023/04/10",12.99
"2023/04/11",12.97
"2023/04/12",12.98
"2023/04/13",12.96
"2023/04/14",12.98
"2023/04/17",13.01
"2023/04/18",13
"2023/04/19",13.01
"2023/04/20",13.01
"2023/04/21",13
"2023/04/24",13.04
"2023/04/25",13.03
"2023/04/26",13.03
"2023/04/27",13.03
"2023/04/28",13.04
"2023/05/02",13.27
"2023/05/03",13.26
"2023/05/04",13.26
"2023/05/05",13.26
"2023/05/08",13.26
"2023/05/09",13.25
"2023/05/10",13.26
"2023/05/11",13.26
"2023/05/12",13.26
"2023/05/15",13.27
"2023/05/16",13.27
"2023/05/17",13.27
"2023/05/18",13.28
"2023/05/19",13.29
"2023/05/23",13.3
"2023/05/24",13.29
"2023/05/25",13.29
"2023/05/26",13.34
"2023/05/29",13.31
"2023/05/30",13.29
"2023/05/31",13.29
"2023/06/01",13.33
"2023/06/02",13.28
"2023/06/05",13.29
"2023/06/06",13.25
"2023/06/07",13.25
"2023/06/08",13.26
"2023/06/09",13.27
"2023/06/13",13.29
"2023/06/14",13.3
"2023/06/15",13.31
"2023/06/16",13.34
"2023/06/20",13.31
"2023/06/21",13.31
"2023/06/22",13.27
"2023/06/23",13.26
"2023/06/26",13.25
"2023/06/27",13.25
"2023/06/28",13.27
"2023/06/29",13.26
"2023/06/30",13.26
"2023/07/04",13.23
"2023/07/05",13.24
"2023/07/06",13.26
"2023/07/07",13.23
"2023/07/10",13.24
"2023/07/11",13.26
"2023/07/12",13.24
"2023/07/13",13.24
"2023/07/14",13.25
"2023/07/17",13.26
"2023/07/18",13.25
"2023/07/19",13.28
"2023/07/21",13.29
"2023/07/24",13.3
"2023/07/25",13.3
"2023/07/26",13.29
"2023/07/27",13.26
"2023/07/28",13.24
"2023/07/31",13.24
"2023/08/01",13.26
"2023/08/02",13.26
"2023/08/03",13.28
"2023/08/04",13.25
"2023/08/08",13.26
"2023/08/09",13.27
"2023/08/10",13.27
"2023/08/11",13.27
"2023/08/14",13.25
"2023/08/15",13.25
"2023/08/16",13.29
"2023/08/17",13.3
"2023/08/18",13.3
"2023/08/22",13.29
"2023/08/23",13.32
"2023/08/24",13.33
"2023/08/25",13.31
"2023/08/28",13.23
"2023/08/29",13.2
"2023/08/30",13.22
"2023/08/31",13.23
"2023/09/01",13.25
"2023/09/04",13.28
"2023/09/05",13.23
"2023/09/06",13.25
"2023/09/07",13.26
"2023/09/08",13.23
"2023/09/11",13.18
"2023/09/12",13.13
"2023/09/13",13.18
"2023/09/14",13.22
"2023/09/15",13.25
"2023/09/18",13.27
"2023/09/19",13.25
"2023/09/20",13.29
"2023/09/21",13.31
"2023/09/22",13.29
"2023/09/25",13.24
"2023/09/26",13.25
"2023/09/27",13.27
"2023/09/28",13.26
"2023/09/29",13.26
"2023/10/02",13.27
"2023/10/03",13.28
"2023/10/04",13.27
"2023/10/05",13.29
"2023/10/06",13.29
"2023/10/09",13.27
"2023/10/10",13.25
"2023/10/11",13.26
"2023/10/12",13.27
"2023/10/13",13.25
"2023/10/17",13.26
"2023/10/18",13.26
"2023/10/19",13.28
"2023/10/20",13.29
"2023/10/23",13.3
"2023/10/24",13.31
"2023/10/25",13.29
"2023/10/26",13.28
"2023/10/27",13.24
"2023/10/30",13.24
"2023/10/31",13.2
"2023/11/01",13.19
"2023/11/02",13.22
"2023/11/03",13.24
"2023/11/07",13.27
"2023/11/08",13.26
"2023/11/09",13.26
"2023/11/10",13.27
"2023/11/14",13.29
"2023/11/15",13.3
"2023/11/16",13.29
"2023/11/17",13.3
"2023/11/20",13.26
"2023/11/21",13.28
"2023/11/22",13.29
"2023/11/23",13.28
"2023/11/24",13.28
"2023/11/27",13.24
"2023/11/28",13.24
"2023/11/29",13.23
"2023/11/30",13.23
"2023/12/01",13.22
"2023/12/04",13.19
"2023/12/05",13.14
"2023/12/06",13.19
"2023/12/07",13.23
"2023/12/11",13.22
"2023/12/12",13.25
"2023/12/13",13.2
"2023/12/14",13.13
"2023/12/15",13.17
"2023/12/18",13.2
"2023/12/19",13.14
"2023/12/20",12.98
"2023/12/21",12.99
"2023/12/22",12.96
"2023/12/26",12.99
"2023/12/27",12.95
"2024/01/02",12.97
"2024/01/03",13
"2024/01/04",13
"2024/01/05",13
"2024/01/09",13.01
"2024/01/10",12.98
"2024/01/11",12.95
"2024/01/12",12.99
"2024/01/15",13.01
"2024/01/16",13
"2024/01/17",13.01
"2024/01/18",12.99
"2024/01/19",12.99
"2024/01/22",12.99
"2024/01/23",12.98
"2024/01/24",12.99
"2024/01/25",12.99
"2024/01/26",13
"2024/01/29",12.99
"2024/01/30",12.96
"2024/01/31",12.95
"2024/02/01",12.74
"2024/02/02",12.72
"2024/02/05",12.74
"2024/02/06",12.73
"2024/02/07",12.72
"2024/02/08",12.74
"2024/02/09",12.75
"2024/02/12",12.73
"2024/02/13",12.72
"2024/02/14",12.73
"2024/02/15",12.75
"2024/02/16",12.73
"2024/02/19",12.73
"2024/02/20",12.75
"2024/02/21",12.74
"2024/02/22",12.75
"2024/02/23",12.75
"2024/02/26",12.74
"2024/02/27",12.73
"2024/02/28",12.73
"2024/02/29",12.73
"2024/03/01",12.72
"2024/03/04",12.72
"2024/03/05",12.74
"2024/03/06",12.73
"2024/03/07",12.71
"2024/03/08",12.72
"2024/03/11",12.74
"2024/03/12",12.73
"2024/03/13",12.75
"2024/03/14",12.75
"2024/03/15",12.75
"2024/03/18",12.75
"2024/03/19",12.75
"2024/03/20",12.75
"2024/03/21",12.74
"2024/03/22",12.74
"2024/03/26",12.25
"2024/03/27",12.23
"2024/04/01",12.25
"2024/04/02",12.25
"2024/04/03",12.25
"2024/04/04",12.25
"2024/04/05",12.23
"2024/04/08",12.18
"2024/04/09",12.14
"2024/04/10",12.22
"2024/04/11",12.24
"2024/04/12",12.19
"2024/04/15",12.25
"2024/04/16",12.25
"2024/04/17",12.25
"2024/04/18",12.25
"2024/04/19",12.24
"2024/04/22",12.24
"2024/04/23",12.24
"2024/04/24",12.25
"2024/04/25",12.24
"2024/04/26",12.24
"2024/04/29",12.2
"2024/04/30",12.25
"2024/05/02",11.75
"2024/05/03",11.73
"2024/05/06",11.75
"2024/05/07",11.75
"2024/05/08",11.75
"2024/05/09",11.75
"2024/05/10",11.75
"2024/05/14",11.75
"2024/05/15",11.74
"2024/05/16",11.75
"2024/05/17",11.75
"2024/05/20",11.75
"2024/05/21",11.75
"2024/05/22",11.75
"2024/05/23",11.75
"2024/05/24",11.76
"2024/05/27",11.77
"2024/05/28",11.76
"2024/05/30",11.75
"2024/05/31",11.75
"2024/06/04",11.75
"2024/06/05",11.75
"2024/06/07",11.75
"2024/06/11",11.75
"2024/06/12",11.75
"2024/06/13",11.76
"2024/06/14",11.76
"2024/06/17",11.76
"2024/06/18",11.75
"2024/06/19",11.75
"2024/06/20",11.75
"2024/06/21",11.75
"2024/06/24",11.75
"2024/06/25",11.75
"2024/06/26",11.75
"2024/06/27",11.75
"2024/06/28",11.74
"2024/07/02",11.25
"2024/07/03",11.24
"2024/07/04",11.26
"2024/07/05",11.25
"2024/07/08",11.25
"2024/07/09",11.25
"2024/07/10",11.25
"2024/07/11",11.24
"2024/07/12",11.25
"2024/07/15",11.26
"2024/07/16",11.26
"2024/07/18",11.28
"2024/07/19",11.27
"2024/07/22",11.27
"2024/07/23",11.27
"2024/07/24",11.26
"2024/07/25",11.25
"2024/07/26",11.25
"2024/07/29",11.26
"2024/07/30",11.25
"2024/07/31",11.24
"2024/08/01",10.75
"2024/08/02",10.74
"2024/08/05",10.75
"2024/08/06",10.75
"2024/08/08",10.75
"2024/08/09",10.75
"2024/08/12",10.75
"2024/08/13",10.75
"2024/08/14",10.75
"2024/08/15",10.76
"2024/08/16",10.76
"2024/08/20",10.76
"2024/08/21",10.76
"2024/08/22",10.76
"2024/08/23",10.75
"2024/08/26",10.76
"2024/08/27",10.75
"2024/08/28",10.76
"2024/08/29",10.75
"2024/08/30",10.75
"2024/09/02",10.75
"2024/09/03",10.75
"2024/09/04",10.75
"2024/09/05",10.75
"2024/09/06",10.75
"2024/09/09",10.75
"2024/09/10",10.75
"2024/09/12",10.75
"2024/09/13",10.74
"2024/09/17",10.75
"2024/09/18",10.75
"2024/09/20",10.75
"2024/09/23",10.76
"2024/09/24",10.76
"2024/09/25",10.76
"2024/09/26",10.76
"2024/09/27",10.75
"2024/09/30",10.75
"2024/10/01",10.25
"2024/10/02",10.25
"2024/10/03",10.25
"2024/10/04",10.26
"2024/10/07",10.25
"2024/10/08",10.26
"2024/10/09",10.24
"2024/10/10",10.25
"2024/10/11",10.25
"2024/10/15",10.26
"2024/10/16",10.26
"2024/10/17",10.26
"2024/10/18",10.25
"2024/10/21",10.26
"2024/10/22",10.26
"2024/10/23",10.26
"2024/10/24",10.26
"2024/10/25",10.25
"2024/10/28",10.26
"2024/10/29",10.25
"2024/10/30",10.26
"2024/10/31",10.26
"2024/11/01",9.75
"2024/11/05",9.76
"2024/11/06",9.75
"2024/11/07",9.75
"2024/11/08",9.75
"2024/11/12",9.75
"2024/11/13",9.75
"2024/11/14",9.75
"2024/11/15",9.75
"2024/11/18",9.75
"2024/11/19",9.75
"2024/11/20",9.74
"2024/11/21",9.75
"2024/11/22",9.74
"2024/11/25",9.75
"2024/11/26",9.76
"2024/11/27",9.76
"2024/11/28",9.76
"2024/11/29",9.75
"2024/12/02",9.74
"2024/12/03",9.76
"2024/12/04",9.75
"2024/12/05",9.76
"2024/12/06",9.75
"2024/12/09",9.76
"2024/12/10",9.75
"2024/12/11",9.75
"2024/12/12",9.75
"2024/12/13",9.74
"2024/12/16",9.76
"2024/12/17",9.74
"2024/12/18",9.73
"2024/12/19",9.75
"2024/12/20",9.74
"2024/12/23",9.51
"2024/12/24",9.51
"2024/12/26",9.51
"2024/12/27",9.51
"2025/01/02",9.5
"2025/01/03",9.49
"2025/01/07",9.5
"2025/01/08",9.51
"2025/01/09",9.51
"2025/01/10",9.51
"2025/01/13",9.52
"2025/01/14",9.51
"2025/01/15",9.51
"2025/01/16",9.5
"2025/01/17",9.5
"2025/01/20",9.51
"2025/01/21",9.51
"2025/01/22",9.51
"2025/01/23",9.52
"2025/01/24",9.52
"2025/01/27",9.53
"2025/01/28",9.54
"2025/01/29",9.54
"2025/01/30",9.55
"2025/01/31",9.55
"2025/02/03",9.56
"2025/02/04",9.53
"2025/02/05",9.53
"2025/02/06",9.56
"2025/02/07",9.53
"2025/02/10",9.53
"2025/02/11",9.54
"2025/02/12",9.56
"2025/02/13",9.52
"2025/02/14",9.5
"2025/02/17",9.5
"2025/02/18",9.5
"2025/02/19",9.49
"2025/02/20",9.49
"2025/02/21",9.51