"Fecha","Porcentaje (%)"
"2008/01/02",9.498
"2008/01/03",9.52
"2008/01/04",9.495
"2008/01/08",9.509
"2008/01/09",9.52
"2008/01/10",9.525
"2008/01/11",9.526
"2008/01/14",9.531
"2008/01/15",9.52
"2008/01/16",9.52
"2008/01/17",9.529
"2008/01/18",9.539
"2008/01/21",9.544
"2008/01/22",9.536
"2008/01/23",9.531
"2008/01/24",9.529
"2008/01/25",9.512
"2008/01/28",9.514
"2008/01/29",9.505
"2008/01/30",9.5
"2008/01/31",9.503
"2008/02/01",9.496
"2008/02/04",9.508
"2008/02/05",9.52
"2008/02/06",9.529
"2008/02/07",9.54
"2008/02/08",9.542
"2008/02/11",9.55
"2008/02/12",9.553
"2008/02/13",9.547
"2008/02/14",9.545
"2008/02/15",9.548
"2008/02/18",9.569
"2008/02/19",9.6
"2008/02/20",9.612
"2008/02/21",9.62
"2008/02/22",9.622
"2008/02/25",9.793
"2008/02/26",9.795
"2008/02/27",9.8
"2008/02/28",9.808
"2008/02/29",9.809
"2008/03/03",9.821
"2008/03/04",9.815
"2008/03/05",9.827
"2008/03/06",9.834
"2008/03/07",9.835
"2008/03/10",9.833
"2008/03/11",9.831
"2008/03/12",9.83
"2008/03/13",9.819
"2008/03/14",9.806
"2008/03/17",9.803
"2008/03/18",9.815
"2008/03/19",9.789
"2008/03/25",9.781
"2008/03/26",9.792
"2008/03/27",9.807
"2008/03/28",9.808
"2008/03/31",9.798
"2008/04/01",9.798
"2008/04/02",9.795
"2008/04/03",9.79
"2008/04/04",9.787
"2008/04/07",9.786
"2008/04/08",9.784
"2008/04/09",9.784
"2008/04/10",9.789
"2008/04/11",9.786
"2008/04/14",9.786
"2008/04/15",9.781
"2008/04/16",9.785
"2008/04/17",9.788
"2008/04/18",9.789
"2008/04/21",9.796
"2008/04/22",9.803
"2008/04/23",9.805
"2008/04/24",9.81
"2008/04/25",9.794
"2008/04/28",9.773
"2008/04/29",9.763
"2008/04/30",9.777
"2008/05/02",9.783
"2008/05/06",9.788
"2008/05/07",9.79
"2008/05/08",9.807
"2008/05/09",9.807
"2008/05/12",9.812
"2008/05/13",9.815
"2008/05/14",9.815
"2008/05/15",9.818
"2008/05/16",9.813
"2008/05/19",9.817
"2008/05/20",9.819
"2008/05/21",9.819
"2008/05/22",9.82
"2008/05/23",9.804
"2008/05/27",9.807
"2008/05/28",9.809
"2008/05/29",9.81
"2008/05/30",9.807
"2008/06/03",9.807
"2008/06/04",9.804
"2008/06/05",9.8
"2008/06/06",9.795
"2008/06/09",9.801
"2008/06/10",9.803
"2008/06/11",9.804
"2008/06/12",9.804
"2008/06/13",9.804
"2008/06/16",9.805
"2008/06/17",9.805
"2008/06/18",9.803
"2008/06/19",9.804
"2008/06/20",9.799
"2008/06/23",9.804
"2008/06/24",9.804
"2008/06/25",9.804
"2008/06/26",9.805
"2008/06/27",9.8
"2008/07/01",9.804
"2008/07/02",9.805
"2008/07/03",9.805
"2008/07/04",9.803
"2008/07/07",9.807
"2008/07/08",9.808
"2008/07/09",9.81
"2008/07/10",9.811
"2008/07/11",9.808
"2008/07/14",9.811
"2008/07/15",9.81
"2008/07/16",9.808
"2008/07/17",9.809
"2008/07/18",9.804
"2008/07/21",9.804
"2008/07/22",9.804
"2008/07/23",9.804
"2008/07/24",9.804
"2008/07/25",9.801
"2008/07/28",10.044
"2008/07/29",10.038
"2008/07/30",10.041
"2008/07/31",10.036
"2008/08/01",10.031
"2008/08/04",10.035
"2008/08/05",10.041
"2008/08/06",10.031
"2008/08/08",10.032
"2008/08/11",10.036
"2008/08/12",10.035
"2008/08/13",10.036
"2008/08/14",10.036
"2008/08/15",10.031
"2008/08/19",10.037
"2008/08/20",10.036
"2008/08/21",10.036
"2008/08/22",10.034
"2008/08/25",10.033
"2008/08/26",10.028
"2008/08/27",10.029
"2008/08/28",10.015
"2008/08/29",10.004
"2008/09/01",10.006
"2008/09/02",10.008
"2008/09/03",10.015
"2008/09/04",10.02
"2008/09/05",10.017
"2008/09/08",10.02
"2008/09/09",10.019
"2008/09/10",10.015
"2008/09/11",10.012
"2008/09/12",10.007
"2008/09/15",10.001
"2008/09/16",10
"2008/09/17",9.999
"2008/09/18",9.998
"2008/09/19",9.993
"2008/09/22",9.998
"2008/09/23",10
"2008/09/24",9.998
"2008/09/25",9.995
"2008/09/26",9.991
"2008/09/29",9.991
"2008/09/30",9.986
"2008/10/01",9.998
"2008/10/02",10.001
"2008/10/03",9.994
"2008/10/06",10.007
"2008/10/07",10.014
"2008/10/08",10.017
"2008/10/09",10.02
"2008/10/10",10.023
"2008/10/14",10
"2008/10/15",10.014
"2008/10/16",10.016
"2008/10/17",10.018
"2008/10/20",10.019
"2008/10/21",10.025
"2008/10/22",10.032
"2008/10/23",10.034
"2008/10/24",10.034
"2008/10/27",10.041
"2008/10/28",10.035
"2008/10/29",10.042
"2008/10/30",10.043
"2008/10/31",10.019
"2008/11/04",10.007
"2008/11/05",9.998
"2008/11/06",9.996
"2008/11/07",9.983
"2008/11/10",9.981
"2008/11/11",9.964
"2008/11/12",9.941
"2008/11/13",9.936
"2008/11/14",9.91
"2008/11/18",9.887
"2008/11/19",9.868
"2008/11/20",9.832
"2008/11/21",9.784
"2008/11/24",9.72
"2008/11/25",9.581
"2008/11/26",9.553
"2008/11/27",9.52
"2008/11/28",9.462
"2008/12/01",9.409
"2008/12/02",9.331
"2008/12/03",9.32
"2008/12/04",9.292
"2008/12/05",9.239
"2008/12/09",9.187
"2008/12/10",9.176
"2008/12/11",9.204
"2008/12/12",9.24
"2008/12/15",9.198
"2008/12/16",9.193
"2008/12/17",9.165
"2008/12/18",9.148
"2008/12/19",9.135
"2008/12/22",8.889
"2008/12/23",8.872
"2008/12/24",8.852
"2008/12/26",8.868
"2008/12/29",8.838
"2008/12/30",8.837
"2009/01/02",8.824
"2009/01/05",8.825
"2009/01/06",8.845
"2009/01/07",8.867
"2009/01/08",8.909
"2009/01/09",8.911
"2009/01/13",8.927
"2009/01/14",8.938
"2009/01/15",8.962
"2009/01/16",9
"2009/01/19",9.051
"2009/01/20",9.074
"2009/01/21",9.115
"2009/01/22",9.133
"2009/01/23",9.169
"2009/01/26",9.223
"2009/01/27",9.274
"2009/01/28",9.318
"2009/01/29",9.357
"2009/01/30",9.391
"2009/02/02",8.955
"2009/02/03",8.982
"2009/02/04",8.996
"2009/02/05",9.008
"2009/02/06",9.022
"2009/02/09",9.062
"2009/02/10",9.108
"2009/02/11",9.122
"2009/02/12",9.14
"2009/02/13",9.125
"2009/02/16",9.117
"2009/02/17",9.109
"2009/02/18",9.077
"2009/02/19",9.059
"2009/02/20",9.017
"2009/02/23",8.994
"2009/02/24",8.999
"2009/02/25",8.999
"2009/02/26",8.977
"2009/02/27",8.967
"2009/03/02",7.978
"2009/03/03",7.946
"2009/03/04",7.961
"2009/03/05",7.95
"2009/03/06",7.947
"2009/03/09",7.99
"2009/03/10",8.006
"2009/03/11",8.017
"2009/03/12",8.007
"2009/03/13",8.027
"2009/03/16",8.021
"2009/03/17",8.015
"2009/03/18",8.02
"2009/03/19",8.03
"2009/03/20",8.027
"2009/03/24",7.026
"2009/03/25",7.03
"2009/03/26",7.039
"2009/03/27",7.023
"2009/03/30",7.061
"2009/03/31",7.045
"2009/04/01",7.06
"2009/04/02",7.05
"2009/04/03",7.06
"2009/04/06",7.064
"2009/04/07",7.067
"2009/04/08",7.073
"2009/04/13",7.085
"2009/04/14",7.089
"2009/04/15",7.09
"2009/04/16",7.089
"2009/04/17",7.098
"2009/04/20",7.101
"2009/04/21",7.1
"2009/04/22",7.101
"2009/04/23",7.095
"2009/04/24",7.088
"2009/04/27",7.083
"2009/04/28",7.073
"2009/04/29",7.077
"2009/04/30",7.087
"2009/05/04",6.003
"2009/05/05",6.031
"2009/05/06",6.049
"2009/05/07",6.094
"2009/05/08",6.137
"2009/05/11",6.179
"2009/05/12",6.216
"2009/05/13",6.223
"2009/05/14",6.21
"2009/05/15",6.192
"2009/05/18",6.155
"2009/05/19",6.144
"2009/05/20",6.13
"2009/05/21",6.099
"2009/05/22",6.087
"2009/05/26",6.056
"2009/05/27",6.023
"2009/05/28",6.025
"2009/05/29",6.036
"2009/06/01",5.004
"2009/06/02",5.004
"2009/06/03",5.025
"2009/06/04",5.051
"2009/06/05",5.08
"2009/06/08",5.061
"2009/06/09",5.088
"2009/06/10",5.093
"2009/06/11",5.077
"2009/06/12",5.065
"2009/06/16",5.083
"2009/06/17",5.104
"2009/06/18",5.118
"2009/06/19",5.097
"2009/06/23",4.583
"2009/06/24",4.569
"2009/06/25",4.552
"2009/06/26",4.536
"2009/06/30",4.548
"2009/07/01",4.541
"2009/07/02",4.532
"2009/07/03",4.544
"2009/07/06",4.536
"2009/07/07",4.534
"2009/07/08",4.541
"2009/07/09",4.545
"2009/07/10",4.541
"2009/07/13",4.535
"2009/07/14",4.516
"2009/07/15",4.517
"2009/07/16",4.502
"2009/07/17",4.489
"2009/07/21",4.476
"2009/07/22",4.464
"2009/07/23",4.451
"2009/07/24",4.418
"2009/07/27",4.392
"2009/07/28",4.36
"2009/07/29",4.327
"2009/07/30",4.302
"2009/07/31",4.261
"2009/08/03",4.219
"2009/08/04",4.174
"2009/08/05",4.128
"2009/08/06",4.102
"2009/08/10",4.075
"2009/08/11",4.063
"2009/08/12",4.071
"2009/08/13",4.039
"2009/08/14",4.02
"2009/08/18",4.023
"2009/08/19",3.99
"2009/08/20",3.996
"2009/08/21",4.017
"2009/08/24",3.973
"2009/08/25",3.933
"2009/08/26",3.996
"2009/08/27",4.05
"2009/08/28",4.095
"2009/08/31",4.146
"2009/09/01",4.218
"2009/09/02",4.297
"2009/09/03",4.335
"2009/09/04",4.418
"2009/09/07",4.419
"2009/09/08",4.392
"2009/09/09",4.356
"2009/09/10",4.329
"2009/09/11",4.297
"2009/09/14",4.313
"2009/09/15",4.318
"2009/09/16",4.355
"2009/09/17",4.356
"2009/09/18",4.357
"2009/09/21",4.394
"2009/09/22",4.427
"2009/09/23",4.459
"2009/09/24",4.492
"2009/09/25",4.503
"2009/09/28",3.992
"2009/09/29",3.998
"2009/09/30",3.996
"2009/10/01",3.994
"2009/10/02",4.014
"2009/10/05",4.023
"2009/10/06",4.045
"2009/10/07",4.027
"2009/10/08",4.004
"2009/10/09",3.992
"2009/10/13",3.984
"2009/10/14",3.987
"2009/10/15",4.024
"2009/10/16",4.018
"2009/10/19",4.03
"2009/10/20",3.987
"2009/10/21",4.026
"2009/10/22",4.018
"2009/10/23",4.013
"2009/10/26",4.019
"2009/10/27",4.025
"2009/10/28",4.019
"2009/10/29",3.993
"2009/10/30",3.984
"2009/11/03",3.998
"2009/11/04",3.998
"2009/11/05",4.002
"2009/11/06",3.993
"2009/11/09",3.981
"2009/11/10",4.002
"2009/11/11",4.009
"2009/11/12",4.009
"2009/11/13",4.008
"2009/11/17",4.021
"2009/11/18",4.023
"2009/11/19",4.006
"2009/11/20",4.001
"2009/11/23",3.972
"2009/11/24",3.512
"2009/11/25",3.502
"2009/11/26",3.473
"2009/11/27",3.433
"2009/11/30",3.408
"2009/12/01",3.374
"2009/12/02",3.355
"2009/12/03",3.353
"2009/12/04",3.347
"2009/12/07",3.36
"2009/12/09",3.345
"2009/12/10",3.318
"2009/12/11",3.245
"2009/12/14",3.25
"2009/12/15",3.198
"2009/12/16",3.209
"2009/12/17",3.198
"2009/12/18",3.172
"2009/12/21",3.161
"2009/12/22",3.088
"2009/12/23",3.057
"2009/12/24",2.978
"2009/12/28",2.885
"2009/12/29",2.827
"2009/12/30",2.957
"2010/01/04",3.088
"2010/01/05",3.182
"2010/01/06",3.271
"2010/01/07",3.282
"2010/01/08",3.229
"2010/01/12",3.259
"2010/01/13",3.35
"2010/01/14",3.298
"2010/01/15",3.376
"2010/01/18",3.324
"2010/01/19",3.298
"2010/01/20",3.298
"2010/01/21",3.277
"2010/01/22",3.261
"2010/01/25",3.219
"2010/01/26",3.219
"2010/01/27",3.302
"2010/01/28",3.339
"2010/01/29",3.339
"2010/02/01",3.324
"2010/02/02",3.324
"2010/02/03",3.313
"2010/02/04",3.35
"2010/02/05",3.339
"2010/02/08",3.324
"2010/02/09",3.324
"2010/02/10",3.324
"2010/02/11",3.455
"2010/02/12",3.402
"2010/02/15",3.376
"2010/02/16",3.402
"2010/02/17",3.404
"2010/02/18",3.413
"2010/02/19",3.444
"2010/02/22",3.421
"2010/02/23",3.402
"2010/02/24",3.355
"2010/02/25",3.355
"2010/02/26",3.365
"2010/03/01",3.345
"2010/03/02",3.318
"2010/03/03",3.35
"2010/03/04",3.35
"2010/03/05",3.297
"2010/03/08",3.282
"2010/03/09",3.298
"2010/03/10",3.264
"2010/03/11",3.266
"2010/03/12",3.323
"2010/03/15",3.329
"2010/03/16",3.47
"2010/03/17",3.428
"2010/03/18",3.376
"2010/03/19",3.428
"2010/03/23",3.418
"2010/03/24",3.444
"2010/03/25",3.455
"2010/03/26",3.433
"2010/03/29",3.402
"2010/03/30",3.418
"2010/03/31",3.454
"2010/04/05",3.481
"2010/04/06",3.491
"2010/04/07",3.51
"2010/04/08",3.505
"2010/04/09",3.533
"2010/04/12",3.502
"2010/04/13",3.502
"2010/04/14",3.505
"2010/04/15",3.549
"2010/04/16",3.559
"2010/04/19",3.563
"2010/04/20",3.533
"2010/04/21",3.526
"2010/04/22",3.516
"2010/04/23",3.507
"2010/04/26",3.512
"2010/04/27",3.537
"2010/04/28",3.537
"2010/04/29",3.537
"2010/04/30",3.517
"2010/05/03",3.01
"2010/05/04",3.015
"2010/05/05",3.015
"2010/05/06",3.029
"2010/05/07",3.036
"2010/05/10",3.044
"2010/05/11",3.05
"2010/05/12",3.055
"2010/05/13",3.057
"2010/05/14",3.065
"2010/05/18",3.067
"2010/05/19",3.067
"2010/05/20",3.076
"2010/05/21",3.078
"2010/05/24",3.065
"2010/05/25",3.057
"2010/05/26",3.055
"2010/05/27",3.05
"2010/05/28",3.034
"2010/05/31",3.036
"2010/06/01",3.02
"2010/06/02",3.031
"2010/06/03",3.036
"2010/06/04",3.036
"2010/06/08",3.046
"2010/06/09",3.053
"2010/06/10",3.053
"2010/06/11",3.058
"2010/06/15",3.067
"2010/06/16",3.071
"2010/06/17",3.087
"2010/06/18",3.067
"2010/06/21",3.05
"2010/06/22",3.026
"2010/06/23",3.015
"2010/06/24",3.008
"2010/06/25",3.01
"2010/06/28",3.01
"2010/06/29",3.027
"2010/06/30",3.026
"2010/07/01",3.062
"2010/07/02",3.062
"2010/07/06",3.072
"2010/07/07",3.073
"2010/07/08",3.052
"2010/07/09",3.041
"2010/07/12",3.05
"2010/07/13",3.043
"2010/07/14",3.049
"2010/07/15",3.057
"2010/07/16",3.036
"2010/07/19",3.058
"2010/07/21",3.057
"2010/07/22",3.057
"2010/07/23",3.057
"2010/07/26",3.02
"2010/07/27",3.015
"2010/07/28",3.031
"2010/07/29",3.034
"2010/07/30",3.036
"2010/08/02",3.023
"2010/08/03",3.015
"2010/08/04",3.015
"2010/08/05",3.023
"2010/08/06",3.023
"2010/08/09",3.018
"2010/08/10",3.031
"2010/08/11",3.039
"2010/08/12",3.042
"2010/08/13",3.051
"2010/08/17",3.057
"2010/08/18",3.058
"2010/08/19",3.061
"2010/08/20",3.051
"2010/08/23",3.055
"2010/08/24",3.072
"2010/08/25",3.071
"2010/08/26",3.063
"2010/08/27",3.062
"2010/08/30",3.074
"2010/08/31",3.081
"2010/09/01",3.042
"2010/09/02",3.052
"2010/09/03",3.054
"2010/09/06",3.069
"2010/09/07",3.084
"2010/09/08",3.074
"2010/09/09",3.054
"2010/09/10",3.05
"2010/09/13",3.035
"2010/09/14",3.036
"2010/09/15",3.041
"2010/09/16",3.041
"2010/09/17",3.044
"2010/09/20",3.044
"2010/09/21",3.046
"2010/09/22",3.05
"2010/09/23",3.05
"2010/09/24",3.044
"2010/09/27",3.029
"2010/09/28",3.023
"2010/09/29",3.023
"2010/09/30",3.023
"2010/10/01",3.034
"2010/10/04",3.044
"2010/10/05",3.029
"2010/10/06",3.029
"2010/10/07",3.029
"2010/10/08",3.028
"2010/10/11",3.01
"2010/10/12",3.008
"2010/10/13",3.008
"2010/10/14",3.005
"2010/10/15",3.01
"2010/10/19",3.01
"2010/10/20",3.01
"2010/10/21",3.017
"2010/10/22",3.027
"2010/10/25",3.034
"2010/10/26",3.031
"2010/10/27",3.028
"2010/10/28",3.013
"2010/10/29",3.01
"2010/11/02",3.01
"2010/11/03",3.01
"2010/11/04",3.005
"2010/11/05",3.004
"2010/11/08",3.001
"2010/11/09",3.005
"2010/11/10",3.012
"2010/11/11",3.029
"2010/11/12",3.046
"2010/11/16",3.044
"2010/11/17",3.023
"2010/11/18",3.05
"2010/11/19",3.051
"2010/11/22",3.061
"2010/11/23",3.069
"2010/11/24",3.02
"2010/11/25",3.01
"2010/11/26",3.02
"2010/11/29",3.026
"2010/11/30",3.005
"2010/12/01",3.015
"2010/12/02",3.057
"2010/12/03",3.049
"2010/12/06",3.041
"2010/12/07",3.077
"2010/12/09",3.078
"2010/12/10",3.078
"2010/12/13",3.044
"2010/12/14",3.005
"2010/12/15",3.057
"2010/12/16",3.065
"2010/12/17",3.065
"2010/12/20",3.046
"2010/12/21",3.076
"2010/12/22",3.071
"2010/12/23",3.073
"2010/12/24",3.078
"2010/12/27",3.05
"2010/12/28",3.06
"2010/12/29",3.005
"2010/12/30",3.044
"2011/01/03",3.06
"2011/01/04",3.062
"2011/01/05",3.067
"2011/01/06",3.058
"2011/01/07",3.047
"2011/01/11",3.052
"2011/01/12",3.031
"2011/01/13",3.026
"2011/01/14",3.031
"2011/01/17",3.031
"2011/01/18",3.031
"2011/01/19",3.02
"2011/01/20",3.02
"2011/01/21",3.028
"2011/01/24",3.034
"2011/01/25",3.003
"2011/01/26",3.031
"2011/01/27",3.036
"2011/01/28",3.044
"2011/01/31",3.071
"2011/02/01",3.053
"2011/02/02",3.05
"2011/02/03",3.067
"2011/02/04",3.065
"2011/02/07",3.085
"2011/02/08",3.083
"2011/02/09",3.041
"2011/02/10",3.052
"2011/02/11",3.013
"2011/02/14",3.02
"2011/02/15",3.02
"2011/02/16",3.057
"2011/02/17",3.065
"2011/02/18",3.073
"2011/02/21",3.055
"2011/02/22",3.044
"2011/02/23",3.046
"2011/02/24",3.065
"2011/02/25",3.081
"2011/02/28",3.277
"2011/03/01",3.277
"2011/03/02",3.245
"2011/03/03",3.222
"2011/03/04",3.198
"2011/03/07",3.114
"2011/03/08",3.088
"2011/03/09",3.167
"2011/03/10",3.222
"2011/03/11",3.24
"2011/03/14",3.295
"2011/03/15",3.243
"2011/03/16",3.271
"2011/03/17",3.345
"2011/03/18",3.339
"2011/03/22",3.581
"2011/03/23",3.633
"2011/03/24",3.607
"2011/03/25",3.575
"2011/03/28",3.586
"2011/03/29",3.623
"2011/03/30",3.636
"2011/03/31",3.623
"2011/04/01",3.559
"2011/04/04",3.612
"2011/04/05",3.56
"2011/04/06",3.507
"2011/04/07",3.56
"2011/04/08",3.559
"2011/04/11",3.56
"2011/04/12",3.56
"2011/04/13",3.497
"2011/04/14",3.497
"2011/04/15",3.554
"2011/04/18",3.638
"2011/04/19",3.596
"2011/04/20",3.638
"2011/04/25",3.649
"2011/04/26",3.686
"2011/04/27",3.701
"2011/04/28",3.713
"2011/04/29",3.704
"2011/05/02",3.794
"2011/05/03",3.838
"2011/05/04",3.875
"2011/05/05",3.901
"2011/05/06",3.917
"2011/05/09",3.901
"2011/05/10",3.891
"2011/05/11",3.896
"2011/05/12",3.931
"2011/05/13",3.985
"2011/05/16",4.038
"2011/05/17",4.102
"2011/05/18",3.812
"2011/05/19",3.791
"2011/05/20",3.769
"2011/05/23",3.78
"2011/05/24",3.78
"2011/05/25",3.78
"2011/05/26",3.749
"2011/05/27",3.754
"2011/05/30",3.733
"2011/05/31",3.996
"2011/06/01",4.01
"2011/06/02",4.026
"2011/06/03",4.043
"2011/06/07",4.033
"2011/06/08",4.068
"2011/06/09",4.002
"2011/06/10",3.999
"2011/06/13",4.021
"2011/06/14",3.991
"2011/06/15",4.044
"2011/06/16",4.049
"2011/06/17",4.023
"2011/06/20",4.247
"2011/06/21",4.258
"2011/06/22",4.253
"2011/06/23",4.265
"2011/06/24",4.254
"2011/06/28",4.242
"2011/06/29",4.253
"2011/06/30",4.253
"2011/07/01",4.265
"2011/07/05",4.3
"2011/07/06",4.334
"2011/07/07",4.367
"2011/07/08",4.334
"2011/07/11",4.329
"2011/07/12",4.281
"2011/07/13",4.293
"2011/07/14",4.341
"2011/07/15",4.306
"2011/07/18",4.335
"2011/07/19",4.35
"2011/07/21",4.361
"2011/07/22",4.397
"2011/07/25",4.329
"2011/07/26",4.255
"2011/07/27",4.292
"2011/07/28",4.309
"2011/07/29",4.313
"2011/08/01",4.532
"2011/08/02",4.536
"2011/08/03",4.593
"2011/08/04",4.567
"2011/08/05",4.625
"2011/08/08",4.588
"2011/08/09",4.578
"2011/08/10",4.657
"2011/08/11",4.588
"2011/08/12",4.587
"2011/08/16",4.588
"2011/08/17",4.599
"2011/08/18",4.647
"2011/08/19",4.66
"2011/08/22",4.588
"2011/08/23",4.611
"2011/08/24",4.615
"2011/08/25",4.66
"2011/08/26",4.667
"2011/08/29",4.615
"2011/08/30",4.61
"2011/08/31",4.625
"2011/09/01",4.615
"2011/09/02",4.598
"2011/09/05",4.535
"2011/09/06",4.569
"2011/09/07",4.53
"2011/09/08",4.519
"2011/09/09",4.545
"2011/09/12",4.568
"2011/09/13",4.525
"2011/09/14",4.514
"2011/09/15",4.498
"2011/09/16",4.498
"2011/09/19",4.546
"2011/09/20",4.6
"2011/09/21",4.625
"2011/09/22",4.641
"2011/09/23",4.641
"2011/09/26",4.576
"2011/09/27",4.583
"2011/09/28",4.595
"2011/09/29",4.625
"2011/09/30",4.614
"2011/10/03",4.62
"2011/10/04",4.666
"2011/10/05",4.668
"2011/10/06",4.673
"2011/10/07",4.667
"2011/10/10",4.668
"2011/10/11",4.669
"2011/10/12",4.669
"2011/10/13",4.669
"2011/10/14",4.668
"2011/10/18",4.663
"2011/10/19",4.66
"2011/10/20",4.658
"2011/10/21",4.66
"2011/10/24",4.663
"2011/10/25",4.663
"2011/10/26",4.66
"2011/10/27",4.657
"2011/10/28",4.641
"2011/10/31",4.62
"2011/11/01",4.572
"2011/11/02",4.56
"2011/11/03",4.549
"2011/11/04",4.538
"2011/11/08",4.557
"2011/11/09",4.594
"2011/11/10",4.631
"2011/11/11",4.667
"2011/11/15",4.668
"2011/11/16",4.641
"2011/11/17",4.615
"2011/11/18",4.587
"2011/11/21",4.586
"2011/11/22",4.592
"2011/11/23",4.623
"2011/11/24",4.562
"2011/11/25",4.567
"2011/11/28",4.793
"2011/11/29",4.793
"2011/11/30",4.785
"2011/12/01",4.802
"2011/12/02",4.801
"2011/12/05",4.802
"2011/12/06",4.804
"2011/12/07",4.809
"2011/12/09",4.795
"2011/12/12",4.793
"2011/12/13",4.783
"2011/12/14",4.798
"2011/12/15",4.79
"2011/12/16",4.795
"2011/12/19",4.802
"2011/12/20",4.798
"2011/12/21",4.806
"2011/12/22",4.804
"2011/12/23",4.806
"2011/12/26",4.804
"2011/12/27",4.779
"2011/12/28",4.811
"2011/12/29",4.819
"2012/01/02",4.806
"2012/01/03",4.774
"2012/01/04",4.753
"2012/01/05",4.758
"2012/01/06",4.752
"2012/01/10",4.753
"2012/01/11",4.753
"2012/01/12",4.753
"2012/01/13",4.752
"2012/01/16",4.749
"2012/01/17",4.749
"2012/01/18",4.743
"2012/01/19",4.74
"2012/01/20",4.738
"2012/01/23",4.741
"2012/01/24",4.746
"2012/01/25",4.744
"2012/01/26",4.744
"2012/01/27",4.749
"2012/01/30",4.746
"2012/01/31",5.001
"2012/02/01",5.001
"2012/02/02",4.999
"2012/02/03",4.999
"2012/02/06",5.001
"2012/02/07",5.006
"2012/02/08",5.004
"2012/02/09",5.007
"2012/02/10",5.005
"2012/02/13",5.008
"2012/02/14",5.008
"2012/02/15",5.008
"2012/02/16",5.01
"2012/02/17",5.009
"2012/02/20",5.012
"2012/02/21",5.013
"2012/02/22",5.013
"2012/02/23",5.013
"2012/02/24",5.018
"2012/02/27",5.248
"2012/02/28",5.248
"2012/02/29",5.244
"2012/03/01",5.246
"2012/03/02",5.241
"2012/03/05",5.242
"2012/03/06",5.246
"2012/03/07",5.248
"2012/03/08",5.251
"2012/03/09",5.252
"2012/03/12",5.252
"2012/03/13",5.253
"2012/03/14",5.252
"2012/03/15",5.253
"2012/03/16",5.254
"2012/03/20",5.255
"2012/03/21",5.254
"2012/03/22",5.254
"2012/03/23",5.256
"2012/03/26",5.255
"2012/03/27",5.255
"2012/03/28",5.254
"2012/03/29",5.252
"2012/03/30",5.25
"2012/04/02",5.253
"2012/04/03",5.253
"2012/04/04",5.252
"2012/04/09",5.253
"2012/04/10",5.251
"2012/04/11",5.252
"2012/04/12",5.251
"2012/04/13",5.248
"2012/04/16",5.251
"2012/04/17",5.252
"2012/04/18",5.254
"2012/04/19",5.256
"2012/04/20",5.259
"2012/04/23",5.262
"2012/04/24",5.263
"2012/04/25",5.265
"2012/04/26",5.263
"2012/04/27",5.262
"2012/04/30",5.26
"2012/05/02",5.263
"2012/05/03",5.264
"2012/05/04",5.262
"2012/05/07",5.266
"2012/05/08",5.267
"2012/05/09",5.268
"2012/05/10",5.268
"2012/05/11",5.269
"2012/05/14",5.272
"2012/05/15",5.273
"2012/05/16",5.269
"2012/05/17",5.269
"2012/05/18",5.268
"2012/05/22",5.27
"2012/05/23",5.272
"2012/05/24",5.273
"2012/05/25",5.273
"2012/05/28",5.274
"2012/05/29",5.274
"2012/05/30",5.276
"2012/05/31",5.277
"2012/06/01",5.278
"2012/06/04",5.281
"2012/06/05",5.284
"2012/06/06",5.287
"2012/06/07",5.295
"2012/06/08",5.299
"2012/06/12",5.302
"2012/06/13",5.306
"2012/06/14",5.313
"2012/06/15",5.319
"2012/06/19",5.312
"2012/06/20",5.31
"2012/06/21",5.3
"2012/06/22",5.306
"2012/06/25",5.315
"2012/06/26",5.321
"2012/06/27",5.31
"2012/06/28",5.299
"2012/06/29",5.316
"2012/07/03",5.31
"2012/07/04",5.322
"2012/07/05",5.33
"2012/07/06",5.359
"2012/07/09",5.368
"2012/07/10",5.397
"2012/07/11",5.412
"2012/07/12",5.426
"2012/07/13",5.445
"2012/07/16",5.451
"2012/07/17",5.454
"2012/07/18",5.456
"2012/07/19",5.457
"2012/07/23",5.456
"2012/07/24",5.459
"2012/07/25",5.413
"2012/07/26",5.44
"2012/07/27",5.471
"2012/07/30",5.253
"2012/07/31",5.258
"2012/08/01",5.2
"2012/08/02",5.253
"2012/08/03",5.252
"2012/08/06",5.258
"2012/08/08",5.258
"2012/08/09",5.257
"2012/08/10",5.24
"2012/08/13",5.251
"2012/08/14",5.253
"2012/08/15",5.248
"2012/08/16",5.189
"2012/08/17",5.133
"2012/08/21",5.083
"2012/08/22",5.093
"2012/08/23",5.102
"2012/08/24",5.114
"2012/08/27",4.873
"2012/08/28",4.875
"2012/08/29",4.859
"2012/08/30",4.817
"2012/08/31",4.793
"2012/09/03",4.771
"2012/09/04",4.768
"2012/09/05",4.771
"2012/09/06",4.774
"2012/09/07",4.782
"2012/09/10",4.777
"2012/09/11",4.774
"2012/09/12",4.774
"2012/09/13",4.774
"2012/09/14",4.768
"2012/09/17",4.76
"2012/09/18",4.756
"2012/09/19",4.764
"2012/09/20",4.774
"2012/09/21",4.776
"2012/09/24",4.779
"2012/09/25",4.778
"2012/09/26",4.777
"2012/09/27",4.776
"2012/09/28",4.777
"2012/10/01",4.777
"2012/10/02",4.754
"2012/10/03",4.761
"2012/10/04",4.774
"2012/10/05",4.772
"2012/10/08",4.776
"2012/10/09",4.778
"2012/10/10",4.78
"2012/10/11",4.778
"2012/10/12",4.772
"2012/10/16",4.776
"2012/10/17",4.78
"2012/10/18",4.786
"2012/10/19",4.794
"2012/10/22",4.795
"2012/10/23",4.796
"2012/10/24",4.787
"2012/10/25",4.779
"2012/10/26",4.755
"2012/10/29",4.756
"2012/10/30",4.737
"2012/10/31",4.742
"2012/11/01",4.742
"2012/11/02",4.76
"2012/11/06",4.758
"2012/11/07",4.754
"2012/11/08",4.742
"2012/11/09",4.725
"2012/11/13",4.709
"2012/11/14",4.708
"2012/11/15",4.708
"2012/11/16",4.742
"2012/11/19",4.753
"2012/11/20",4.755
"2012/11/21",4.755
"2012/11/22",4.752
"2012/11/23",4.745
"2012/11/26",4.5
"2012/11/27",4.505
"2012/11/28",4.499
"2012/11/29",4.501
"2012/11/30",4.501
"2012/12/03",4.514
"2012/12/04",4.522
"2012/12/05",4.525
"2012/12/06",4.527
"2012/12/07",4.532
"2012/12/10",4.532
"2012/12/11",4.529
"2012/12/12",4.532
"2012/12/13",4.533
"2012/12/14",4.532
"2012/12/17",4.532
"2012/12/18",4.53
"2012/12/19",4.532
"2012/12/20",4.529
"2012/12/21",4.515
"2012/12/24",4.274
"2012/12/26",4.253
"2012/12/27",4.25
"2012/12/28",4.243
"2013/01/02",4.226
"2013/01/03",4.237
"2013/01/04",4.221
"2013/01/08",4.217
"2013/01/09",4.217
"2013/01/10",4.216
"2013/01/11",4.213
"2013/01/14",4.218
"2013/01/15",4.217
"2013/01/16",4.216
"2013/01/17",4.222
"2013/01/18",4.22
"2013/01/21",4.218
"2013/01/22",4.213
"2013/01/23",4.216
"2013/01/24",4.215
"2013/01/25",4.216
"2013/01/28",4.217
"2013/01/29",4.012
"2013/01/30",3.996
"2013/01/31",3.975
"2013/02/01",3.967
"2013/02/04",3.986
"2013/02/05",3.994
"2013/02/06",3.996
"2013/02/07",3.996
"2013/02/08",4.004
"2013/02/11",4.01
"2013/02/12",4.01
"2013/02/13",4.002
"2013/02/14",3.992
"2013/02/15",3.988
"2013/02/18",3.986
"2013/02/19",3.983
"2013/02/20",3.977
"2013/02/21",3.98
"2013/02/22",3.983
"2013/02/25",3.749
"2013/02/26",3.752
"2013/02/27",3.752
"2013/02/28",3.748
"2013/03/01",3.743
"2013/03/04",3.733
"2013/03/05",3.736
"2013/03/06",3.752
"2013/03/07",3.758
"2013/03/08",3.755
"2013/03/11",3.755
"2013/03/12",3.741
"2013/03/13",3.739
"2013/03/14",3.745
"2013/03/15",3.737
"2013/03/18",3.745
"2013/03/19",3.745
"2013/03/20",3.716
"2013/03/21",3.703
"2013/03/22",3.698
"2013/03/26",3.227
"2013/03/27",3.202
"2013/04/01",3.182
"2013/04/02",3.164
"2013/04/03",3.154
"2013/04/04",3.145
"2013/04/05",3.141
"2013/04/08",3.142
"2013/04/09",3.13
"2013/04/10",3.136
"2013/04/11",3.13
"2013/04/12",3.122
"2013/04/15",3.144
"2013/04/16",3.165
"2013/04/17",3.169
"2013/04/18",3.173
"2013/04/19",3.171
"2013/04/22",3.181
"2013/04/23",3.159
"2013/04/24",3.15
"2013/04/25",3.145
"2013/04/26",3.13
"2013/04/29",3.125
"2013/04/30",3.112
"2013/05/02",3.125
"2013/05/03",3.13
"2013/05/06",3.112
"2013/05/07",3.15
"2013/05/08",3.182
"2013/05/09",3.219
"2013/05/10",3.224
"2013/05/14",3.198
"2013/05/15",3.188
"2013/05/16",3.198
"2013/05/17",3.201
"2013/05/20",3.215
"2013/05/21",3.219
"2013/05/22",3.222
"2013/05/23",3.228
"2013/05/24",3.222
"2013/05/27",3.212
"2013/05/28",3.195
"2013/05/29",3.189
"2013/05/30",3.184
"2013/05/31",3.18
"2013/06/04",3.175
"2013/06/05",3.179
"2013/06/06",3.18
"2013/06/07",3.183
"2013/06/11",3.165
"2013/06/12",3.171
"2013/06/13",3.178
"2013/06/14",3.182
"2013/06/17",3.179
"2013/06/18",3.167
"2013/06/19",3.16
"2013/06/20",3.149
"2013/06/21",3.141
"2013/06/24",3.13
"2013/06/25",3.125
"2013/06/26",3.128
"2013/06/27",3.151
"2013/06/28",3.161
"2013/07/02",3.167
"2013/07/03",3.158
"2013/07/04",3.155
"2013/07/05",3.151
"2013/07/08",3.161
"2013/07/09",3.155
"2013/07/10",3.146
"2013/07/11",3.146
"2013/07/12",3.143
"2013/07/15",3.138
"2013/07/16",3.138
"2013/07/17",3.145
"2013/07/18",3.166
"2013/07/19",3.216
"2013/07/22",3.247
"2013/07/23",3.25
"2013/07/24",3.251
"2013/07/25",3.251
"2013/07/26",3.252
"2013/07/29",3.257
"2013/07/30",3.252
"2013/07/31",3.25
"2013/08/01",3.248
"2013/08/02",3.248
"2013/08/05",3.248
"2013/08/06",3.248
"2013/08/08",3.251
"2013/08/09",3.26
"2013/08/12",3.256
"2013/08/13",3.254
"2013/08/14",3.254
"2013/08/15",3.255
"2013/08/16",3.251
"2013/08/20",3.256
"2013/08/21",3.261
"2013/08/22",3.267
"2013/08/23",3.264
"2013/08/26",3.266
"2013/08/27",3.265
"2013/08/28",3.261
"2013/08/29",3.262
"2013/08/30",3.262
"2013/09/02",3.255
"2013/09/03",3.247
"2013/09/04",3.248
"2013/09/05",3.256
"2013/09/06",3.261
"2013/09/09",3.259
"2013/09/10",3.259
"2013/09/11",3.259
"2013/09/12",3.256
"2013/09/13",3.258
"2013/09/16",3.26
"2013/09/17",3.259
"2013/09/18",3.268
"2013/09/19",3.27
"2013/09/20",3.27
"2013/09/23",3.279
"2013/09/24",3.274
"2013/09/25",3.277
"2013/09/26",3.284
"2013/09/27",3.28
"2013/09/30",3.277
"2013/10/01",3.262
"2013/10/02",3.261
"2013/10/03",3.266
"2013/10/04",3.272
"2013/10/07",3.269
"2013/10/08",3.267
"2013/10/09",3.265
"2013/10/10",3.256
"2013/10/11",3.252
"2013/10/15",3.254
"2013/10/16",3.255
"2013/10/17",3.261
"2013/10/18",3.264
"2013/10/21",3.263
"2013/10/22",3.259
"2013/10/23",3.258
"2013/10/24",3.257
"2013/10/25",3.258
"2013/10/28",3.256
"2013/10/29",3.247
"2013/10/30",3.248
"2013/10/31",3.254
"2013/11/01",3.253
"2013/11/05",3.257
"2013/11/06",3.262
"2013/11/07",3.265
"2013/11/08",3.258
"2013/11/12",3.262
"2013/11/13",3.263
"2013/11/14",3.256
"2013/11/15",3.26
"2013/11/18",3.249
"2013/11/19",3.247
"2013/11/20",3.245
"2013/11/21",3.248
"2013/11/22",3.239
"2013/11/25",3.227
"2013/11/26",3.212
"2013/11/27",3.227
"2013/11/28",3.204
"2013/11/29",3.193
"2013/12/02",3.18
"2013/12/03",3.193
"2013/12/04",3.188
"2013/12/05",3.188
"2013/12/06",3.193
"2013/12/09",3.215
"2013/12/10",3.235
"2013/12/11",3.227
"2013/12/12",3.214
"2013/12/13",3.227
"2013/12/16",3.238
"2013/12/17",3.242
"2013/12/18",3.243
"2013/12/19",3.245
"2013/12/20",3.242
"2013/12/23",3.25
"2013/12/24",3.204
"2013/12/26",3.219
"2013/12/27",3.243
"2013/12/30",3.224
"2014/01/02",3.219
"2014/01/03",3.234
"2014/01/07",3.223
"2014/01/08",3.215
"2014/01/09",3.224
"2014/01/10",3.238
"2014/01/13",3.246
"2014/01/14",3.245
"2014/01/15",3.24
"2014/01/16",3.235
"2014/01/17",3.233
"2014/01/20",3.224
"2014/01/21",3.217
"2014/01/22",3.219
"2014/01/23",3.221
"2014/01/24",3.233
"2014/01/27",3.238
"2014/01/28",3.247
"2014/01/29",3.238
"2014/01/30",3.239
"2014/01/31",3.242
"2014/02/03",3.252
"2014/02/04",3.254
"2014/02/05",3.25
"2014/02/06",3.252
"2014/02/07",3.251
"2014/02/10",3.254
"2014/02/11",3.259
"2014/02/12",3.256
"2014/02/13",3.255
"2014/02/14",3.25
"2014/02/17",3.247
"2014/02/18",3.235
"2014/02/19",3.238
"2014/02/20",3.25
"2014/02/21",3.243
"2014/02/24",3.245
"2014/02/25",3.248
"2014/02/26",3.245
"2014/02/27",3.235
"2014/02/28",3.229
"2014/03/03",3.219
"2014/03/04",3.201
"2014/03/05",3.199
"2014/03/06",3.18
"2014/03/07",3.172
"2014/03/10",3.159
"2014/03/11",3.151
"2014/03/12",3.146
"2014/03/13",3.143
"2014/03/14",3.139
"2014/03/17",3.143
"2014/03/18",3.13
"2014/03/19",3.128
"2014/03/20",3.134
"2014/03/21",3.13
"2014/03/25",3.128
"2014/03/26",3.13
"2014/03/27",3.131
"2014/03/28",3.132
"2014/03/31",3.147
"2014/04/01",3.147
"2014/04/02",3.154
"2014/04/03",3.158
"2014/04/04",3.154
"2014/04/07",3.164
"2014/04/08",3.175
"2014/04/09",3.188
"2014/04/10",3.197
"2014/04/11",3.213
"2014/04/14",3.22
"2014/04/15",3.222
"2014/04/16",3.234
"2014/04/21",3.231
"2014/04/22",3.229
"2014/04/23",3.238
"2014/04/24",3.233
"2014/04/25",3.236
"2014/04/28",3.492
"2014/04/29",3.479
"2014/04/30",3.479
"2014/05/02",3.497
"2014/05/05",3.504
"2014/05/06",3.504
"2014/05/07",3.511
"2014/05/08",3.506
"2014/05/09",3.508
"2014/05/12",3.507
"2014/05/13",3.507
"2014/05/14",3.501
"2014/05/15",3.466
"2014/05/16",3.452
"2014/05/19",3.445
"2014/05/20",3.434
"2014/05/21",3.426
"2014/05/22",3.419
"2014/05/23",3.399
"2014/05/26",3.387
"2014/05/27",3.372
"2014/05/28",3.4
"2014/05/29",3.392
"2014/05/30",3.425
"2014/06/03",3.73
"2014/06/04",3.738
"2014/06/05",3.735
"2014/06/06",3.751
"2014/06/09",3.762
"2014/06/10",3.741
"2014/06/11",3.718
"2014/06/12",3.707
"2014/06/13",3.703
"2014/06/16",3.707
"2014/06/17",3.707
"2014/06/18",3.703
"2014/06/19",3.708
"2014/06/20",3.702
"2014/06/24",3.999
"2014/06/25",4.023
"2014/06/26",4.029
"2014/06/27",4.023
"2014/07/01",4.021
"2014/07/02",4.017
"2014/07/03",4.015
"2014/07/04",4.008
"2014/07/07",4.002
"2014/07/08",3.988
"2014/07/09",3.975
"2014/07/10",3.949
"2014/07/11",3.93
"2014/07/14",3.917
"2014/07/15",3.899
"2014/07/16",3.87
"2014/07/17",3.854
"2014/07/18",3.848
"2014/07/21",3.849
"2014/07/22",3.873
"2014/07/23",3.873
"2014/07/24",3.879
"2014/07/25",3.867
"2014/07/28",3.868
"2014/07/29",3.87
"2014/07/30",3.865
"2014/07/31",3.854
"2014/08/01",4.143
"2014/08/04",4.133
"2014/08/05",4.071
"2014/08/06",4.062
"2014/08/08",4.054
"2014/08/11",4.057
"2014/08/12",4.049
"2014/08/13",4.075
"2014/08/14",4.065
"2014/08/15",4.101
"2014/08/19",4.128
"2014/08/20",4.139
"2014/08/21",4.136
"2014/08/22",4.14
"2014/08/25",4.132
"2014/08/26",4.13
"2014/08/27",4.131
"2014/08/28",4.131
"2014/08/29",4.118
"2014/09/01",4.438
"2014/09/02",4.416
"2014/09/03",4.414
"2014/09/04",4.411
"2014/09/05",4.42
"2014/09/08",4.427
"2014/09/09",4.445
"2014/09/10",4.454
"2014/09/11",4.456
"2014/09/12",4.459
"2014/09/15",4.428
"2014/09/16",4.361
"2014/09/17",4.332
"2014/09/18",4.295
"2014/09/19",4.318
"2014/09/22",4.339
"2014/09/23",4.376
"2014/09/24",4.417
"2014/09/25",4.44
"2014/09/26",4.456
"2014/09/29",4.47
"2014/09/30",4.435
"2014/10/01",4.445
"2014/10/02",4.459
"2014/10/03",4.472
"2014/10/06",4.48
"2014/10/07",4.491
"2014/10/08",4.494
"2014/10/09",4.487
"2014/10/10",4.491
"2014/10/14",4.499
"2014/10/15",4.499
"2014/10/16",4.497
"2014/10/17",4.491
"2014/10/20",4.498
"2014/10/21",4.497
"2014/10/22",4.498
"2014/10/23",4.498
"2014/10/24",4.498
"2014/10/27",4.498
"2014/10/28",4.498
"2014/10/29",4.498
"2014/10/30",4.497
"2014/10/31",4.487
"2014/11/04",4.497
"2014/11/05",4.5
"2014/11/06",4.5
"2014/11/07",4.5
"2014/11/10",4.506
"2014/11/11",4.502
"2014/11/12",4.5
"2014/11/13",4.5
"2014/11/14",4.5
"2014/11/18",4.502
"2014/11/19",4.501
"2014/11/20",4.502
"2014/11/21",4.503
"2014/11/24",4.502
"2014/11/25",4.5
"2014/11/26",4.501
"2014/11/27",4.502
"2014/11/28",4.502
"2014/12/01",4.502
"2014/12/02",4.501
"2014/12/03",4.499
"2014/12/04",4.501
"2014/12/05",4.503
"2014/12/09",4.506
"2014/12/10",4.508
"2014/12/11",4.505
"2014/12/12",4.505
"2014/12/15",4.506
"2014/12/16",4.508
"2014/12/17",4.51
"2014/12/18",4.507
"2014/12/19",4.507
"2014/12/22",4.511
"2014/12/23",4.519
"2014/12/24",4.514
"2014/12/26",4.501
"2014/12/29",4.51
"2014/12/30",4.517
"2015/01/02",4.519
"2015/01/05",4.522
"2015/01/06",4.523
"2015/01/07",4.524
"2015/01/08",4.525
"2015/01/09",4.516
"2015/01/13",4.52
"2015/01/14",4.523
"2015/01/15",4.517
"2015/01/16",4.508
"2015/01/19",4.517
"2015/01/20",4.524
"2015/01/21",4.524
"2015/01/22",4.516
"2015/01/23",4.523
"2015/01/26",4.527
"2015/01/27",4.53
"2015/01/28",4.532
"2015/01/29",4.533
"2015/01/30",4.536
"2015/02/02",4.525
"2015/02/03",4.523
"2015/02/04",4.531
"2015/02/05",4.535
"2015/02/06",4.529
"2015/02/09",4.525
"2015/02/10",4.525
"2015/02/11",4.525
"2015/02/12",4.523
"2015/02/13",4.518
"2015/02/16",4.51
"2015/02/17",4.502
"2015/02/18",4.506
"2015/02/19",4.508
"2015/02/20",4.508
"2015/02/23",4.507
"2015/02/24",4.502
"2015/02/25",4.499
"2015/02/26",4.499
"2015/02/27",4.491
"2015/03/02",4.489
"2015/03/03",4.477
"2015/03/04",4.488
"2015/03/05",4.493
"2015/03/06",4.492
"2015/03/09",4.5
"2015/03/10",4.5
"2015/03/11",4.5
"2015/03/12",4.498
"2015/03/13",4.498
"2015/03/16",4.498
"2015/03/17",4.5
"2015/03/18",4.5
"2015/03/19",4.5
"2015/03/20",4.503
"2015/03/24",4.505
"2015/03/25",4.508
"2015/03/26",4.51
"2015/03/27",4.511
"2015/03/30",4.514
"2015/03/31",4.517
"2015/04/01",4.518
"2015/04/06",4.522
"2015/04/07",4.524
"2015/04/08",4.524
"2015/04/09",4.522
"2015/04/10",4.52
"2015/04/13",4.509
"2015/04/14",4.504
"2015/04/15",4.504
"2015/04/16",4.502
"2015/04/17",4.504
"2015/04/20",4.508
"2015/04/21",4.506
"2015/04/22",4.507
"2015/04/23",4.507
"2015/04/24",4.511
"2015/04/27",4.513
"2015/04/28",4.52
"2015/04/29",4.524
"2015/04/30",4.533
"2015/05/04",4.523
"2015/05/05",4.524
"2015/05/06",4.512
"2015/05/07",4.507
"2015/05/08",4.509
"2015/05/11",4.515
"2015/05/12",4.506
"2015/05/13",4.504
"2015/05/14",4.505
"2015/05/15",4.511
"2015/05/19",4.512
"2015/05/20",4.513
"2015/05/21",4.508
"2015/05/22",4.509
"2015/05/25",4.505
"2015/05/26",4.507
"2015/05/27",4.51
"2015/05/28",4.511
"2015/05/29",4.508
"2015/06/01",4.511
"2015/06/02",4.515
"2015/06/03",4.517
"2015/06/04",4.505
"2015/06/05",4.498
"2015/06/09",4.502
"2015/06/10",4.502
"2015/06/11",4.505
"2015/06/12",4.508
"2015/06/16",4.502
"2015/06/17",4.499
"2015/06/18",4.499
"2015/06/19",4.499
"2015/06/22",4.51
"2015/06/23",4.513
"2015/06/24",4.509
"2015/06/25",4.514
"2015/06/26",4.519
"2015/06/30",4.52
"2015/07/01",4.523
"2015/07/02",4.527
"2015/07/03",4.529
"2015/07/06",4.533
"2015/07/07",4.517
"2015/07/08",4.517
"2015/07/09",4.526
"2015/07/10",4.523
"2015/07/13",4.525
"2015/07/14",4.522
"2015/07/15",4.523
"2015/07/16",4.526
"2015/07/17",4.528
"2015/07/21",4.532
"2015/07/22",4.532
"2015/07/23",4.533
"2015/07/24",4.537
"2015/07/27",4.54
"2015/07/28",4.541
"2015/07/29",4.536
"2015/07/30",4.531
"2015/07/31",4.528
"2015/08/03",4.53
"2015/08/04",4.532
"2015/08/05",4.528
"2015/08/06",4.526
"2015/08/10",4.525
"2015/08/11",4.523
"2015/08/12",4.518
"2015/08/13",4.515
"2015/08/14",4.511
"2015/08/18",4.506
"2015/08/19",4.505
"2015/08/20",4.511
"2015/08/21",4.514
"2015/08/24",4.519
"2015/08/25",4.524
"2015/08/26",4.523
"2015/08/27",4.525
"2015/08/28",4.518
"2015/08/31",4.515
"2015/09/01",4.504
"2015/09/02",4.508
"2015/09/03",4.51
"2015/09/04",4.51
"2015/09/07",4.512
"2015/09/08",4.515
"2015/09/09",4.517
"2015/09/10",4.518
"2015/09/11",4.52
"2015/09/14",4.523
"2015/09/15",4.523
"2015/09/16",4.52
"2015/09/17",4.523
"2015/09/18",4.523
"2015/09/21",4.525
"2015/09/22",4.524
"2015/09/23",4.523
"2015/09/24",4.523
"2015/09/25",4.524
"2015/09/28",4.769
"2015/09/29",4.774
"2015/09/30",4.783
"2015/10/01",4.788
"2015/10/02",4.795
"2015/10/05",4.802
"2015/10/06",4.812
"2015/10/07",4.819
"2015/10/08",4.824
"2015/10/09",4.84
"2015/10/13",4.857
"2015/10/14",4.854
"2015/10/15",4.912
"2015/10/16",4.928
"2015/10/19",4.918
"2015/10/20",4.912
"2015/10/21",4.896
"2015/10/22",4.888
"2015/10/23",4.885
"2015/10/26",4.825
"2015/10/27",4.786
"2015/10/28",4.769
"2015/10/29",4.753
"2015/10/30",4.725
"2015/11/03",5.247
"2015/11/04",5.206
"2015/11/05",5.192
"2015/11/06",5.166
"2015/11/09",5.151
"2015/11/10",5.135
"2015/11/11",5.125
"2015/11/12",5.118
"2015/11/13",5.097
"2015/11/17",5.088
"2015/11/18",5.093
"2015/11/19",5.107
"2015/11/20",5.112
"2015/11/23",5.123
"2015/11/24",5.11
"2015/11/25",5.107
"2015/11/26",5.108
"2015/11/27",5.129
"2015/11/30",5.461
"2015/12/01",5.44
"2015/12/02",5.477
"2015/12/03",5.483
"2015/12/04",5.486
"2015/12/07",5.488
"2015/12/09",5.493
"2015/12/10",5.497
"2015/12/11",5.503
"2015/12/14",5.503
"2015/12/15",5.515
"2015/12/16",5.518
"2015/12/17",5.524
"2015/12/18",5.533
"2015/12/21",5.756
"2015/12/22",5.762
"2015/12/23",5.761
"2015/12/24",5.772
"2015/12/28",5.767
"2015/12/29",5.775
"2015/12/30",5.785
"2016/01/04",5.786
"2016/01/05",5.776
"2016/01/06",5.778
"2016/01/07",5.779
"2016/01/08",5.78
"2016/01/12",5.786
"2016/01/13",5.778
"2016/01/14",5.778
"2016/01/15",5.78
"2016/01/18",5.784
"2016/01/19",5.771
"2016/01/20",5.777
"2016/01/21",5.78
"2016/01/22",5.778
"2016/01/25",5.783
"2016/01/26",5.782
"2016/01/27",5.774
"2016/01/28",5.777
"2016/01/29",5.769
"2016/02/01",6.002
"2016/02/02",5.99
"2016/02/03",6.001
"2016/02/04",6.002
"2016/02/05",6.005
"2016/02/08",6.006
"2016/02/09",6.007
"2016/02/10",6.008
"2016/02/11",6.006
"2016/02/12",6.003
"2016/02/15",6.011
"2016/02/16",5.994
"2016/02/17",6.007
"2016/02/18",6.003
"2016/02/19",6.007
"2016/02/22",6.261
"2016/02/23",6.25
"2016/02/24",6.247
"2016/02/25",6.247
"2016/02/26",6.249
"2016/02/29",6.247
"2016/03/01",6.237
"2016/03/02",6.247
"2016/03/03",6.246
"2016/03/04",6.251
"2016/03/07",6.249
"2016/03/08",6.247
"2016/03/09",6.25
"2016/03/10",6.253
"2016/03/11",6.25
"2016/03/14",6.249
"2016/03/15",6.234
"2016/03/16",6.245
"2016/03/17",6.249
"2016/03/18",6.25
"2016/03/22",6.502
"2016/03/23",6.497
"2016/03/28",6.5
"2016/03/29",6.496
"2016/03/30",6.507
"2016/03/31",6.505
"2016/04/01",6.499
"2016/04/04",6.5
"2016/04/05",6.5
"2016/04/06",6.502
"2016/04/07",6.504
"2016/04/08",6.501
"2016/04/11",6.499
"2016/04/12",6.497
"2016/04/13",6.499
"2016/04/14",6.499
"2016/04/15",6.498
"2016/04/18",6.495
"2016/04/19",6.495
"2016/04/20",6.495
"2016/04/21",6.494
"2016/04/22",6.498
"2016/04/25",6.499
"2016/04/26",6.489
"2016/04/27",6.502
"2016/04/28",6.505
"2016/04/29",6.505
"2016/05/02",7
"2016/05/03",7.001
"2016/05/04",7.001
"2016/05/05",7.001
"2016/05/06",6.999
"2016/05/10",6.986
"2016/05/11",6.998
"2016/05/12",7.003
"2016/05/13",7.004
"2016/05/16",7.003
"2016/05/17",7.003
"2016/05/18",7.007
"2016/05/19",7.008
"2016/05/20",7.008
"2016/05/23",7.019
"2016/05/24",7.006
"2016/05/25",7.027
"2016/05/26",7.037
"2016/05/27",7.046
"2016/05/31",7.253
"2016/06/01",7.26
"2016/06/02",7.265
"2016/06/03",7.259
"2016/06/07",7.26
"2016/06/08",7.263
"2016/06/09",7.266
"2016/06/10",7.266
"2016/06/13",7.27
"2016/06/14",7.261
"2016/06/15",7.252
"2016/06/16",7.25
"2016/06/17",7.25
"2016/06/20",7.259
"2016/06/21",7.267
"2016/06/22",7.271
"2016/06/23",7.498
"2016/06/24",7.505
"2016/06/27",7.505
"2016/06/28",7.5
"2016/06/29",7.498
"2016/06/30",7.5
"2016/07/01",7.493
"2016/07/05",7.491
"2016/07/06",7.494
"2016/07/07",7.493
"2016/07/08",7.488
"2016/07/11",7.482
"2016/07/12",7.477
"2016/07/13",7.477
"2016/07/14",7.469
"2016/07/15",7.457
"2016/07/18",7.449
"2016/07/19",7.449
"2016/07/21",7.451
"2016/07/22",7.443
"2016/07/25",7.45
"2016/07/26",7.451
"2016/07/27",7.445
"2016/07/28",7.443
"2016/07/29",7.429
"2016/08/01",7.736
"2016/08/02",7.724
"2016/08/03",7.743
"2016/08/04",7.75
"2016/08/05",7.756
"2016/08/08",7.762
"2016/08/09",7.764
"2016/08/10",7.767
"2016/08/11",7.768
"2016/08/12",7.768
"2016/08/16",7.784
"2016/08/17",7.78
"2016/08/18",7.78
"2016/08/19",7.78
"2016/08/22",7.784
"2016/08/23",7.788
"2016/08/24",7.786
"2016/08/25",7.784
"2016/08/26",7.774
"2016/08/29",7.765
"2016/08/30",7.749
"2016/08/31",7.75
"2016/09/01",7.747
"2016/09/02",7.751
"2016/09/05",7.758
"2016/09/06",7.757
"2016/09/07",7.75
"2016/09/08",7.751
"2016/09/09",7.758
"2016/09/12",7.768
"2016/09/13",7.757
"2016/09/14",7.76
"2016/09/15",7.753
"2016/09/16",7.753
"2016/09/19",7.756
"2016/09/20",7.756
"2016/09/21",7.759
"2016/09/22",7.762
"2016/09/23",7.755
"2016/09/26",7.761
"2016/09/27",7.756
"2016/09/28",7.752
"2016/09/29",7.751
"2016/09/30",7.749
"2016/10/03",7.75
"2016/10/04",7.759
"2016/10/05",7.76
"2016/10/06",7.755
"2016/10/07",7.749
"2016/10/10",7.75
"2016/10/11",7.747
"2016/10/12",7.746
"2016/10/13",7.749
"2016/10/14",7.748
"2016/10/18",7.755
"2016/10/19",7.759
"2016/10/20",7.762
"2016/10/21",7.762
"2016/10/24",7.756
"2016/10/25",7.751
"2016/10/26",7.748
"2016/10/27",7.748
"2016/10/28",7.746
"2016/10/31",7.75
"2016/11/01",7.75
"2016/11/02",7.749
"2016/11/03",7.747
"2016/11/04",7.741
"2016/11/08",7.749
"2016/11/09",7.749
"2016/11/10",7.748
"2016/11/11",7.746
"2016/11/15",7.748
"2016/11/16",7.746
"2016/11/17",7.745
"2016/11/18",7.745
"2016/11/21",7.75
"2016/11/22",7.745
"2016/11/23",7.749
"2016/11/24",7.751
"2016/11/25",7.747
"2016/11/28",7.751
"2016/11/29",7.749
"2016/11/30",7.75
"2016/12/01",7.75
"2016/12/02",7.747
"2016/12/05",7.749
"2016/12/06",7.751
"2016/12/07",7.749
"2016/12/09",7.749
"2016/12/12",7.753
"2016/12/13",7.753
"2016/12/14",7.753
"2016/12/15",7.752
"2016/12/16",7.749
"2016/12/19",7.5
"2016/12/20",7.501
"2016/12/21",7.5
"2016/12/22",7.5
"2016/12/23",7.502
"2016/12/26",7.503
"2016/12/27",7.503
"2016/12/28",7.5
"2016/12/29",7.503
"2017/01/02",7.498
"2017/01/03",7.494
"2017/01/04",7.5
"2017/01/05",7.504
"2017/01/06",7.506
"2017/01/10",7.509
"2017/01/11",7.508
"2017/01/12",7.507
"2017/01/13",7.5
"2017/01/16",7.501
"2017/01/17",7.5
"2017/01/18",7.503
"2017/01/19",7.503
"2017/01/20",7.504
"2017/01/23",7.505
"2017/01/24",7.504
"2017/01/25",7.504
"2017/01/26",7.503
"2017/01/27",7.5
"2017/01/30",7.5
"2017/01/31",7.501
"2017/02/01",7.5
"2017/02/02",7.501
"2017/02/03",7.5
"2017/02/06",7.504
"2017/02/07",7.504
"2017/02/08",7.505
"2017/02/09",7.504
"2017/02/10",7.503
"2017/02/13",7.504
"2017/02/14",7.503
"2017/02/15",7.503
"2017/02/16",7.503
"2017/02/17",7.501
"2017/02/20",7.504
"2017/02/21",7.503
"2017/02/22",7.504
"2017/02/23",7.501
"2017/02/24",7.499
"2017/02/27",7.246
"2017/02/28",7.199
"2017/03/01",7.233
"2017/03/02",7.247
"2017/03/03",7.249
"2017/03/06",7.25
"2017/03/07",7.25
"2017/03/08",7.25
"2017/03/09",7.251
"2017/03/10",7.252
"2017/03/13",7.254
"2017/03/14",7.251
"2017/03/15",7.25
"2017/03/16",7.249
"2017/03/17",7.248
"2017/03/21",7.249
"2017/03/22",7.249
"2017/03/23",7.25
"2017/03/24",7.249
"2017/03/27",7.002
"2017/03/28",7
"2017/03/29",7
"2017/03/30",6.998
"2017/03/31",7
"2017/04/03",7
"2017/04/04",7.002
"2017/04/05",7.001
"2017/04/06",7
"2017/04/07",6.997
"2017/04/10",6.996
"2017/04/11",6.994
"2017/04/12",6.995
"2017/04/17",6.994
"2017/04/18",6.994
"2017/04/19",6.993
"2017/04/20",6.992
"2017/04/21",6.987
"2017/04/24",6.986
"2017/04/25",6.98
"2017/04/26",6.98
"2017/04/27",6.98
"2017/04/28",6.969
"2017/05/02",6.497
"2017/05/03",6.498
"2017/05/04",6.499
"2017/05/05",6.501
"2017/05/08",6.509
"2017/05/09",6.514
"2017/05/10",6.507
"2017/05/11",6.502
"2017/05/12",6.505
"2017/05/15",6.507
"2017/05/16",6.509
"2017/05/17",6.507
"2017/05/18",6.509
"2017/05/19",6.51
"2017/05/22",6.509
"2017/05/23",6.509
"2017/05/24",6.506
"2017/05/25",6.506
"2017/05/26",6.507
"2017/05/30",6.255
"2017/05/31",6.26
"2017/06/01",6.259
"2017/06/02",6.259
"2017/06/05",6.26
"2017/06/06",6.253
"2017/06/07",6.254
"2017/06/08",6.252
"2017/06/09",6.253
"2017/06/12",6.254
"2017/06/13",6.252
"2017/06/14",6.251
"2017/06/15",6.249
"2017/06/16",6.248
"2017/06/20",6.25
"2017/06/21",6.251
"2017/06/22",6.253
"2017/06/23",6.256
"2017/06/27",6.259
"2017/06/28",6.257
"2017/06/29",6.252
"2017/06/30",6.252
"2017/07/04",5.748
"2017/07/05",5.749
"2017/07/06",5.75
"2017/07/07",5.754
"2017/07/10",5.754
"2017/07/11",5.757
"2017/07/12",5.758
"2017/07/13",5.757
"2017/07/14",5.757
"2017/07/17",5.755
"2017/07/18",5.754
"2017/07/19",5.754
"2017/07/21",5.754
"2017/07/24",5.755
"2017/07/25",5.755
"2017/07/26",5.754
"2017/07/27",5.747
"2017/07/28",5.5
"2017/07/31",5.489
"2017/08/01",5.5
"2017/08/02",5.501
"2017/08/03",5.503
"2017/08/04",5.503
"2017/08/08",5.504
"2017/08/09",5.507
"2017/08/10",5.509
"2017/08/11",5.513
"2017/08/14",5.515
"2017/08/15",5.526
"2017/08/16",5.529
"2017/08/17",5.529
"2017/08/18",5.537
"2017/08/22",5.539
"2017/08/23",5.542
"2017/08/24",5.547
"2017/08/25",5.545
"2017/08/28",5.551
"2017/08/29",5.551
"2017/08/30",5.534
"2017/08/31",5.517
"2017/09/01",5.261
"2017/09/04",5.26
"2017/09/05",5.264
"2017/09/06",5.267
"2017/09/07",5.274
"2017/09/08",5.278
"2017/09/11",5.273
"2017/09/12",5.25
"2017/09/13",5.249
"2017/09/14",5.25
"2017/09/15",5.249
"2017/09/18",5.251
"2017/09/19",5.251
"2017/09/20",5.255
"2017/09/21",5.257
"2017/09/22",5.258
"2017/09/25",5.256
"2017/09/26",5.252
"2017/09/27",5.257
"2017/09/28",5.262
"2017/09/29",5.263
"2017/10/02",5.27
"2017/10/03",5.273
"2017/10/04",5.276
"2017/10/05",5.278
"2017/10/06",5.277
"2017/10/09",5.266
"2017/10/10",5.268
"2017/10/11",5.263
"2017/10/12",5.266
"2017/10/13",5.265
"2017/10/17",5.269
"2017/10/18",5.271
"2017/10/19",5.273
"2017/10/20",5.272
"2017/10/23",5.27
"2017/10/24",5.267
"2017/10/25",5.267
"2017/10/26",5.268
"2017/10/27",5.266
"2017/10/30",5.012
"2017/10/31",5.019
"2017/11/01",5.019
"2017/11/02",5.021
"2017/11/03",5.023
"2017/11/07",5.023
"2017/11/08",5.025
"2017/11/09",5.026
"2017/11/10",5.028
"2017/11/14",5.03
"2017/11/15",5.03
"2017/11/16",5.03
"2017/11/17",5.032
"2017/11/20",5.028
"2017/11/21",5.028
"2017/11/22",5.02
"2017/11/23",5.014
"2017/11/24",5.014
"2017/11/27",4.753
"2017/11/28",4.755
"2017/11/29",4.755
"2017/11/30",4.753
"2017/12/01",4.746
"2017/12/04",4.752
"2017/12/05",4.754
"2017/12/06",4.755
"2017/12/07",4.756
"2017/12/11",4.752
"2017/12/12",4.75
"2017/12/13",4.743
"2017/12/14",4.742
"2017/12/15",4.735
"2017/12/18",4.741
"2017/12/19",4.739
"2017/12/20",4.738
"2017/12/21",4.731
"2017/12/22",4.721
"2017/12/26",4.719
"2017/12/27",4.709
"2017/12/28",4.688
"2018/01/02",4.668
"2018/01/03",4.689
"2018/01/04",4.714
"2018/01/05",4.713
"2018/01/09",4.723
"2018/01/10",4.728
"2018/01/11",4.733
"2018/01/12",4.737
"2018/01/15",4.74
"2018/01/16",4.74
"2018/01/17",4.74
"2018/01/18",4.744
"2018/01/19",4.747
"2018/01/22",4.75
"2018/01/23",4.749
"2018/01/24",4.749
"2018/01/25",4.75
"2018/01/26",4.75
"2018/01/29",4.751
"2018/01/30",4.499
"2018/01/31",4.506
"2018/02/01",4.511
"2018/02/02",4.515
"2018/02/05",4.517
"2018/02/06",4.514
"2018/02/07",4.509
"2018/02/08",4.504
"2018/02/09",4.502
"2018/02/12",4.502
"2018/02/13",4.501
"2018/02/14",4.501
"2018/02/15",4.501
"2018/02/16",4.501
"2018/02/19",4.5
"2018/02/20",4.502
"2018/02/21",4.504
"2018/02/22",4.506
"2018/02/23",4.506
"2018/02/26",4.506
"2018/02/27",4.499
"2018/02/28",4.499
"2018/03/01",4.498
"2018/03/02",4.5
"2018/03/05",4.499
"2018/03/06",4.499
"2018/03/07",4.498
"2018/03/08",4.497
"2018/03/09",4.492
"2018/03/12",4.489
"2018/03/13",4.487
"2018/03/14",4.484
"2018/03/15",4.482
"2018/03/16",4.48
"2018/03/20",4.476
"2018/03/21",4.476
"2018/03/22",4.473
"2018/03/23",4.471
"2018/03/26",4.465
"2018/03/27",4.448
"2018/03/28",4.426
"2018/04/02",4.426
"2018/04/03",4.433
"2018/04/04",4.438
"2018/04/05",4.443
"2018/04/06",4.433
"2018/04/09",4.423
"2018/04/10",4.416
"2018/04/11",4.42
"2018/04/12",4.422
"2018/04/13",4.42
"2018/04/16",4.421
"2018/04/17",4.422
"2018/04/18",4.423
"2018/04/19",4.427
"2018/04/20",4.432
"2018/04/23",4.46
"2018/04/24",4.5
"2018/04/25",4.501
"2018/04/26",4.502
"2018/04/27",4.503
"2018/04/30",4.258
"2018/05/02",4.263
"2018/05/03",4.267
"2018/05/04",4.262
"2018/05/07",4.25
"2018/05/08",4.149
"2018/05/09",4.204
"2018/05/10",4.199
"2018/05/11",4.202
"2018/05/15",4.195
"2018/05/16",4.214
"2018/05/17",4.219
"2018/05/18",4.224
"2018/05/21",4.225
"2018/05/22",4.233
"2018/05/23",4.236
"2018/05/24",4.243
"2018/05/25",4.25
"2018/05/28",4.253
"2018/05/29",4.255
"2018/05/30",4.258
"2018/05/31",4.26
"2018/06/01",4.267
"2018/06/05",4.261
"2018/06/06",4.259
"2018/06/07",4.262
"2018/06/08",4.263
"2018/06/12",4.26
"2018/06/13",4.256
"2018/06/14",4.253
"2018/06/15",4.248
"2018/06/18",4.245
"2018/06/19",4.242
"2018/06/20",4.25
"2018/06/21",4.252
"2018/06/22",4.252
"2018/06/25",4.257
"2018/06/26",4.254
"2018/06/27",4.252
"2018/06/28",4.253
"2018/06/29",4.25
"2018/07/03",4.253
"2018/07/04",4.252
"2018/07/05",4.254
"2018/07/06",4.258
"2018/07/09",4.26
"2018/07/10",4.259
"2018/07/11",4.258
"2018/07/12",4.258
"2018/07/13",4.254
"2018/07/16",4.255
"2018/07/17",4.252
"2018/07/18",4.251
"2018/07/19",4.251
"2018/07/23",4.253
"2018/07/24",4.251
"2018/07/25",4.25
"2018/07/26",4.251
"2018/07/27",4.249
"2018/07/30",4.25
"2018/07/31",4.25
"2018/08/01",4.25
"2018/08/02",4.251
"2018/08/03",4.251
"2018/08/06",4.253
"2018/08/08",4.254
"2018/08/09",4.254
"2018/08/10",4.256
"2018/08/13",4.253
"2018/08/14",4.251
"2018/08/15",4.25
"2018/08/16",4.251
"2018/08/17",4.25
"2018/08/21",4.251
"2018/08/22",4.251
"2018/08/23",4.253
"2018/08/24",4.259
"2018/08/27",4.262
"2018/08/28",4.252
"2018/08/29",4.251
"2018/08/30",4.25
"2018/08/31",4.251
"2018/09/03",4.254
"2018/09/04",4.257
"2018/09/05",4.253
"2018/09/06",4.252
"2018/09/07",4.252
"2018/09/10",4.253
"2018/09/11",4.242
"2018/09/12",4.243
"2018/09/13",4.244
"2018/09/14",4.246
"2018/09/17",4.247
"2018/09/18",4.249
"2018/09/19",4.252
"2018/09/20",4.252
"2018/09/21",4.25
"2018/09/24",4.252
"2018/09/25",4.25
"2018/09/26",4.25
"2018/09/27",4.25
"2018/09/28",4.247
"2018/10/01",4.25
"2018/10/02",4.25
"2018/10/03",4.251
"2018/10/04",4.253
"2018/10/05",4.255
"2018/10/08",4.255
"2018/10/09",4.258
"2018/10/10",4.257
"2018/10/11",4.257
"2018/10/12",4.256
"2018/10/16",4.259
"2018/10/17",4.259
"2018/10/18",4.258
"2018/10/19",4.254
"2018/10/22",4.256
"2018/10/23",4.256
"2018/10/24",4.255
"2018/10/25",4.255
"2018/10/26",4.252
"2018/10/29",4.254
"2018/10/30",4.255
"2018/10/31",4.255
"2018/11/01",4.255
"2018/11/02",4.255
"2018/11/06",4.256
"2018/11/07",4.254
"2018/11/08",4.253
"2018/11/09",4.253
"2018/11/13",4.252
"2018/11/14",4.251
"2018/11/15",4.251
"2018/11/16",4.251
"2018/11/19",4.253
"2018/11/20",4.252
"2018/11/21",4.251
"2018/11/22",4.251
"2018/11/23",4.248
"2018/11/26",4.249
"2018/11/27",4.246
"2018/11/28",4.246
"2018/11/29",4.25
"2018/11/30",4.25
"2018/12/03",4.251
"2018/12/04",4.246
"2018/12/05",4.25
"2018/12/06",4.251
"2018/12/07",4.248
"2018/12/10",4.247
"2018/12/11",4.247
"2018/12/12",4.244
"2018/12/13",4.237
"2018/12/14",4.246
"2018/12/17",4.238
"2018/12/18",4.239
"2018/12/19",4.243
"2018/12/20",4.244
"2018/12/21",4.244
"2018/12/24",4.241
"2018/12/26",4.242
"2018/12/27",4.243
"2018/12/28",4.242
"2019/01/02",4.244
"2019/01/03",4.244
"2019/01/04",4.249
"2019/01/08",4.253
"2019/01/09",4.25
"2019/01/10",4.25
"2019/01/11",4.25
"2019/01/14",4.251
"2019/01/15",4.25
"2019/01/16",4.25
"2019/01/17",4.251
"2019/01/18",4.251
"2019/01/21",4.252
"2019/01/22",4.253
"2019/01/23",4.252
"2019/01/24",4.252
"2019/01/25",4.251
"2019/01/28",4.252
"2019/01/29",4.252
"2019/01/30",4.252
"2019/01/31",4.252
"2019/02/01",4.25
"2019/02/04",4.251
"2019/02/05",4.252
"2019/02/06",4.251
"2019/02/07",4.255
"2019/02/08",4.255
"2019/02/11",4.255
"2019/02/12",4.255
"2019/02/13",4.254
"2019/02/14",4.255
"2019/02/15",4.253
"2019/02/18",4.257
"2019/02/19",4.26
"2019/02/20",4.256
"2019/02/21",4.253
"2019/02/22",4.252
"2019/02/25",4.254
"2019/02/26",4.255
"2019/02/27",4.252
"2019/02/28",4.252
"2019/03/01",4.253
"2019/03/04",4.251
"2019/03/05",4.25
"2019/03/06",4.25
"2019/03/07",4.25
"2019/03/08",4.251
"2019/03/11",4.254
"2019/03/12",4.253
"2019/03/13",4.25
"2019/03/14",4.25
"2019/03/15",4.248
"2019/03/18",4.249
"2019/03/19",4.25
"2019/03/20",4.252
"2019/03/21",4.255
"2019/03/22",4.252
"2019/03/26",4.253
"2019/03/27",4.254
"2019/03/28",4.253
"2019/03/29",4.254
"2019/04/01",4.252
"2019/04/02",4.252
"2019/04/03",4.25
"2019/04/04",4.252
"2019/04/05",4.25
"2019/04/08",4.251
"2019/04/09",4.251
"2019/04/10",4.252
"2019/04/11",4.254
"2019/04/12",4.252
"2019/04/15",4.255
"2019/04/16",4.255
"2019/04/17",4.249
"2019/04/22",4.251
"2019/04/23",4.251
"2019/04/24",4.251
"2019/04/25",4.251
"2019/04/26",4.252
"2019/04/29",4.251
"2019/04/30",4.25
"2019/05/02",4.253
"2019/05/03",4.253
"2019/05/06",4.254
"2019/05/07",4.255
"2019/05/08",4.255
"2019/05/09",4.257
"2019/05/10",4.254
"2019/05/13",4.255
"2019/05/14",4.254
"2019/05/15",4.255
"2019/05/16",4.256
"2019/05/17",4.256
"2019/05/20",4.257
"2019/05/21",4.258
"2019/05/22",4.258
"2019/05/23",4.26
"2019/05/24",4.262
"2019/05/27",4.261
"2019/05/28",4.262
"2019/05/29",4.259
"2019/05/30",4.258
"2019/05/31",4.257
"2019/06/04",4.26
"2019/06/05",4.261
"2019/06/06",4.262
"2019/06/07",4.263
"2019/06/10",4.261
"2019/06/11",4.256
"2019/06/12",4.257
"2019/06/13",4.257
"2019/06/14",4.256
"2019/06/17",4.257
"2019/06/18",4.256
"2019/06/19",4.256
"2019/06/20",4.255
"2019/06/21",4.253
"2019/06/25",4.253
"2019/06/26",4.254
"2019/06/27",4.253
"2019/06/28",4.255
"2019/07/02",4.259
"2019/07/03",4.258
"2019/07/04",4.257
"2019/07/05",4.256
"2019/07/08",4.255
"2019/07/09",4.254
"2019/07/10",4.254
"2019/07/11",4.255
"2019/07/12",4.253
"2019/07/15",4.254
"2019/07/16",4.254
"2019/07/17",4.255
"2019/07/18",4.254
"2019/07/19",4.255
"2019/07/22",4.256
"2019/07/23",4.256
"2019/07/24",4.258
"2019/07/25",4.26
"2019/07/26",4.262
"2019/07/29",4.262
"2019/07/30",4.262
"2019/07/31",4.263
"2019/08/01",4.265
"2019/08/02",4.265
"2019/08/05",4.264
"2019/08/06",4.266
"2019/08/08",4.264
"2019/08/09",4.264
"2019/08/12",4.264
"2019/08/13",4.264
"2019/08/14",4.264
"2019/08/15",4.267
"2019/08/16",4.265
"2019/08/20",4.269
"2019/08/21",4.267
"2019/08/22",4.264
"2019/08/23",4.267
"2019/08/26",4.269
"2019/08/27",4.269
"2019/08/28",4.269
"2019/08/29",4.271
"2019/08/30",4.269
"2019/09/02",4.265
"2019/09/03",4.259
"2019/09/04",4.258
"2019/09/05",4.259
"2019/09/06",4.26
"2019/09/09",4.257
"2019/09/10",4.255
"2019/09/11",4.252
"2019/09/12",4.25
"2019/09/13",4.25
"2019/09/16",4.25
"2019/09/17",4.251
"2019/09/18",4.251
"2019/09/19",4.251
"2019/09/20",4.249
"2019/09/23",4.25
"2019/09/24",4.25
"2019/09/25",4.25
"2019/09/26",4.251
"2019/09/27",4.25
"2019/09/30",4.251
"2019/10/01",4.251
"2019/10/02",4.25
"2019/10/03",4.25
"2019/10/04",4.25
"2019/10/07",4.251
"2019/10/08",4.25
"2019/10/09",4.251
"2019/10/10",4.251
"2019/10/11",4.25
"2019/10/15",4.251
"2019/10/16",4.251
"2019/10/17",4.25
"2019/10/18",4.251
"2019/10/21",4.252
"2019/10/22",4.252
"2019/10/23",4.254
"2019/10/24",4.255
"2019/10/25",4.256
"2019/10/28",4.258
"2019/10/29",4.255
"2019/10/30",4.255
"2019/10/31",4.257
"2019/11/01",4.254
"2019/11/05",4.255
"2019/11/06",4.252
"2019/11/07",4.252
"2019/11/08",4.25
"2019/11/12",4.25
"2019/11/13",4.251
"2019/11/14",4.251
"2019/11/15",4.25
"2019/11/18",4.25
"2019/11/19",4.251
"2019/11/20",4.252
"2019/11/21",4.254
"2019/11/22",4.255
"2019/11/25",4.255
"2019/11/26",4.258
"2019/11/27",4.258
"2019/11/28",4.258
"2019/11/29",4.253
"2019/12/02",4.255
"2019/12/03",4.256
"2019/12/04",4.255
"2019/12/05",4.257
"2019/12/06",4.258
"2019/12/09",4.254
"2019/12/10",4.251
"2019/12/11",4.25
"2019/12/12",4.25
"2019/12/13",4.248
"2019/12/16",4.25
"2019/12/17",4.25
"2019/12/18",4.251
"2019/12/19",4.251
"2019/12/20",4.25
"2019/12/23",4.25
"2019/12/24",4.247
"2019/12/26",4.252
"2019/12/27",4.253
"2019/12/30",4.255
"2020/01/02",4.259
"2020/01/03",4.26
"2020/01/07",4.257
"2020/01/08",4.254
"2020/01/09",4.255
"2020/01/10",4.256
"2020/01/13",4.255
"2020/01/14",4.252
"2020/01/15",4.252
"2020/01/16",4.252
"2020/01/17",4.251
"2020/01/20",4.25
"2020/01/21",4.252
"2020/01/22",4.252
"2020/01/23",4.253
"2020/01/24",4.252
"2020/01/27",4.254
"2020/01/28",4.254
"2020/01/29",4.254
"2020/01/30",4.252
"2020/01/31",4.253
"2020/02/03",4.254
"2020/02/04",4.252
"2020/02/05",4.253
"2020/02/06",4.253
"2020/02/07",4.252
"2020/02/10",4.251
"2020/02/11",4.252
"2020/02/12",4.25
"2020/02/13",4.251
"2020/02/14",4.25
"2020/02/17",4.253
"2020/02/18",4.251
"2020/02/19",4.25
"2020/02/20",4.253
"2020/02/21",4.25
"2020/02/24",4.25
"2020/02/25",4.25
"2020/02/26",4.251
"2020/02/27",4.25
"2020/02/28",4.252
"2020/03/02",4.253
"2020/03/03",4.25
"2020/03/04",4.253
"2020/03/05",4.252
"2020/03/06",4.251
"2020/03/09",4.254
"2020/03/10",4.255
"2020/03/11",4.252
"2020/03/12",4.25
"2020/03/13",4.251
"2020/03/16",4.252
"2020/03/17",4.247
"2020/03/18",4.239
"2020/03/19",4.231
"2020/03/20",4.185
"2020/03/24",4.149
"2020/03/25",4.112
"2020/03/26",4.038
"2020/03/27",3.906
"2020/03/30",3.717
"2020/03/31",3.67
"2020/04/01",3.647
"2020/04/02",3.717
"2020/04/03",3.71
"2020/04/06",3.612
"2020/04/07",3.571
"2020/04/08",3.575
"2020/04/13",3.516
"2020/04/14",3.591
"2020/04/15",3.633
"2020/04/16",3.678
"2020/04/17",3.707
"2020/04/20",3.707
"2020/04/21",3.722
"2020/04/22",3.728
"2020/04/23",3.72
"2020/04/24",3.706
"2020/04/27",3.675
"2020/04/28",3.677
"2020/04/29",3.712
"2020/04/30",3.743
"2020/05/04",3.248
"2020/05/05",3.25
"2020/05/06",3.254
"2020/05/07",3.261
"2020/05/08",3.251
"2020/05/11",3.245
"2020/05/12",3.217
"2020/05/13",3.209
"2020/05/14",3.227
"2020/05/15",3.222
"2020/05/18",3.217
"2020/05/19",3.227
"2020/05/20",3.222
"2020/05/21",3.203
"2020/05/22",3.189
"2020/05/26",3.16
"2020/05/27",3.206
"2020/05/28",3.219
"2020/05/29",3.248
"2020/06/01",2.753
"2020/06/02",2.755
"2020/06/03",2.764
"2020/06/04",2.768
"2020/06/05",2.748
"2020/06/08",2.742
"2020/06/09",2.739
"2020/06/10",2.737
"2020/06/11",2.728
"2020/06/12",2.745
"2020/06/16",2.734
"2020/06/17",2.731
"2020/06/18",2.743
"2020/06/19",2.755
"2020/06/23",2.756
"2020/06/24",2.753
"2020/06/25",2.753
"2020/06/26",2.755
"2020/06/30",2.764
"2020/07/01",2.499
"2020/07/02",2.501
"2020/07/03",2.493
"2020/07/06",2.492
"2020/07/07",2.482
"2020/07/08",2.484
"2020/07/09",2.488
"2020/07/10",2.489
"2020/07/13",2.493
"2020/07/14",2.497
"2020/07/15",2.499
"2020/07/16",2.492
"2020/07/17",2.489
"2020/07/21",2.489
"2020/07/22",2.499
"2020/07/23",2.494
"2020/07/24",2.486
"2020/07/27",2.477
"2020/07/28",2.475
"2020/07/29",2.475
"2020/07/30",2.465
"2020/07/31",2.457
"2020/08/03",2.232
"2020/08/04",2.21
"2020/08/05",2.219
"2020/08/06",2.22
"2020/08/10",2.219
"2020/08/11",2.219
"2020/08/12",2.219
"2020/08/13",2.218
"2020/08/14",2.215
"2020/08/18",2.214
"2020/08/19",2.215
"2020/08/20",2.214
"2020/08/21",2.214
"2020/08/24",2.225
"2020/08/25",2.227
"2020/08/26",2.225
"2020/08/27",2.225
"2020/08/28",2.222
"2020/08/31",2.227
"2020/09/01",1.981
"2020/09/02",1.986
"2020/09/03",1.989
"2020/09/04",1.998
"2020/09/07",1.999
"2020/09/08",2
"2020/09/09",1.994
"2020/09/10",1.985
"2020/09/11",1.979
"2020/09/14",1.974
"2020/09/15",1.987
"2020/09/16",1.99
"2020/09/17",1.993
"2020/09/18",1.997
"2020/09/21",1.997
"2020/09/22",1.999
"2020/09/23",1.997
"2020/09/24",1.999
"2020/09/25",2.001
"2020/09/28",1.753
"2020/09/29",1.757
"2020/09/30",1.756
"2020/10/01",1.75
"2020/10/02",1.752
"2020/10/05",1.751
"2020/10/06",1.747
"2020/10/07",1.744
"2020/10/08",1.749
"2020/10/09",1.741
"2020/10/13",1.744
"2020/10/14",1.747
"2020/10/15",1.749
"2020/10/16",1.75
"2020/10/19",1.75
"2020/10/20",1.751
"2020/10/21",1.751
"2020/10/22",1.749
"2020/10/23",1.747
"2020/10/26",1.749
"2020/10/27",1.75
"2020/10/28",1.748
"2020/10/29",1.746
"2020/10/30",1.743
"2020/11/03",1.746
"2020/11/04",1.744
"2020/11/05",1.743
"2020/11/06",1.735
"2020/11/09",1.746
"2020/11/10",1.751
"2020/11/11",1.748
"2020/11/12",1.746
"2020/11/13",1.746
"2020/11/17",1.748
"2020/11/18",1.739
"2020/11/19",1.746
"2020/11/20",1.748
"2020/11/23",1.748
"2020/11/24",1.743
"2020/11/25",1.75
"2020/11/26",1.751
"2020/11/27",1.75
"2020/11/30",1.75
"2020/12/01",1.751
"2020/12/02",1.752
"2020/12/03",1.752
"2020/12/04",1.752
"2020/12/07",1.755
"2020/12/09",1.752
"2020/12/10",1.75
"2020/12/11",1.75
"2020/12/14",1.749
"2020/12/15",1.751
"2020/12/16",1.752
"2020/12/17",1.75
"2020/12/18",1.75
"2020/12/21",1.75
"2020/12/22",1.75
"2020/12/23",1.751
"2020/12/24",1.75
"2020/12/28",1.751
"2020/12/29",1.745
"2020/12/30",1.74
"2021/01/04",1.735
"2021/01/05",1.724
"2021/01/06",1.723
"2021/01/07",1.729
"2021/01/08",1.728
"2021/01/12",1.733
"2021/01/13",1.731
"2021/01/14",1.731
"2021/01/15",1.73
"2021/01/18",1.736
"2021/01/19",1.732
"2021/01/20",1.729
"2021/01/21",1.731
"2021/01/22",1.734
"2021/01/25",1.737
"2021/01/26",1.739
"2021/01/27",1.743
"2021/01/28",1.745
"2021/01/29",1.744
"2021/02/01",1.75
"2021/02/02",1.751
"2021/02/03",1.751
"2021/02/04",1.75
"2021/02/05",1.751
"2021/02/08",1.751
"2021/02/09",1.751
"2021/02/10",1.75
"2021/02/11",1.75
"2021/02/12",1.751
"2021/02/15",1.751
"2021/02/16",1.75
"2021/02/17",1.75
"2021/02/18",1.75
"2021/02/19",1.75
"2021/02/22",1.749
"2021/02/23",1.746
"2021/02/24",1.746
"2021/02/25",1.744
"2021/02/26",1.737
"2021/03/01",1.734
"2021/03/02",1.73
"2021/03/03",1.73
"2021/03/04",1.732
"2021/03/05",1.735
"2021/03/08",1.73
"2021/03/09",1.724
"2021/03/10",1.717
"2021/03/11",1.706
"2021/03/12",1.656
"2021/03/15",1.65
"2021/03/16",1.666
"2021/03/17",1.692
"2021/03/18",1.706
"2021/03/19",1.71
"2021/03/23",1.708
"2021/03/24",1.718
"2021/03/25",1.718
"2021/03/26",1.718
"2021/03/29",1.715
"2021/03/30",1.726
"2021/03/31",1.72
"2021/04/05",1.723
"2021/04/06",1.722
"2021/04/07",1.726
"2021/04/08",1.728
"2021/04/09",1.734
"2021/04/12",1.726
"2021/04/13",1.73
"2021/04/14",1.734
"2021/04/15",1.731
"2021/04/16",1.731
"2021/04/19",1.739
"2021/04/20",1.739
"2021/04/21",1.742
"2021/04/22",1.747
"2021/04/23",1.748
"2021/04/26",1.749
"2021/04/27",1.749
"2021/04/28",1.745
"2021/04/29",1.75
"2021/04/30",1.754
"2021/05/03",1.755
"2021/05/04",1.756
"2021/05/05",1.755
"2021/05/06",1.755
"2021/05/07",1.755
"2021/05/10",1.749
"2021/05/11",1.748
"2021/05/12",1.753
"2021/05/13",1.753
"2021/05/14",1.753
"2021/05/18",1.754
"2021/05/19",1.756
"2021/05/20",1.76
"2021/05/21",1.764
"2021/05/24",1.758
"2021/05/25",1.761
"2021/05/26",1.761
"2021/05/27",1.764
"2021/05/28",1.765
"2021/05/31",1.755
"2021/06/01",1.754
"2021/06/02",1.757
"2021/06/03",1.76
"2021/06/04",1.757
"2021/06/08",1.756
"2021/06/09",1.753
"2021/06/10",1.751
"2021/06/11",1.752
"2021/06/15",1.752
"2021/06/16",1.751
"2021/06/17",1.751
"2021/06/18",1.751
"2021/06/21",1.751
"2021/06/22",1.75
"2021/06/23",1.751
"2021/06/24",1.751
"2021/06/25",1.751
"2021/06/28",1.751
"2021/06/29",1.751
"2021/06/30",1.751
"2021/07/01",1.75
"2021/07/02",1.751
"2021/07/06",1.753
"2021/07/07",1.752
"2021/07/08",1.753
"2021/07/09",1.751
"2021/07/12",1.751
"2021/07/13",1.753
"2021/07/14",1.752
"2021/07/15",1.753
"2021/07/16",1.754
"2021/07/19",1.756
"2021/07/21",1.755
"2021/07/22",1.755
"2021/07/23",1.755
"2021/07/26",1.755
"2021/07/27",1.755
"2021/07/28",1.754
"2021/07/29",1.751
"2021/07/30",1.751
"2021/08/02",1.751
"2021/08/03",1.753
"2021/08/04",1.753
"2021/08/05",1.753
"2021/08/06",1.753
"2021/08/09",1.752
"2021/08/10",1.752
"2021/08/11",1.752
"2021/08/12",1.752
"2021/08/13",1.752
"2021/08/17",1.753
"2021/08/18",1.753
"2021/08/19",1.753
"2021/08/20",1.753
"2021/08/23",1.753
"2021/08/24",1.756
"2021/08/25",1.756
"2021/08/26",1.758
"2021/08/27",1.76
"2021/08/30",1.759
"2021/08/31",1.758
"2021/09/01",1.76
"2021/09/02",1.763
"2021/09/03",1.766
"2021/09/06",1.767
"2021/09/07",1.764
"2021/09/08",1.755
"2021/09/09",1.75
"2021/09/10",1.75
"2021/09/13",1.754
"2021/09/14",1.758
"2021/09/15",1.761
"2021/09/16",1.766
"2021/09/17",1.77
"2021/09/20",1.773
"2021/09/21",1.774
"2021/09/22",1.775
"2021/09/23",1.775
"2021/09/24",1.778
"2021/09/27",1.781
"2021/09/28",1.783
"2021/09/29",1.784
"2021/09/30",1.785
"2021/10/01",2.02
"2021/10/04",2.027
"2021/10/05",2.028
"2021/10/06",2.024
"2021/10/07",2.023
"2021/10/08",2.009
"2021/10/11",2.012
"2021/10/12",2.006
"2021/10/13",2.016
"2021/10/14",2.02
"2021/10/15",2.024
"2021/10/19",2.026
"2021/10/20",2.008
"2021/10/21",2.006
"2021/10/22",2.008
"2021/10/25",2.002
"2021/10/26",2.009
"2021/10/27",2.014
"2021/10/28",2.019
"2021/10/29",2.013
"2021/11/02",2.51
"2021/11/03",2.519
"2021/11/04",2.523
"2021/11/05",2.516
"2021/11/08",2.515
"2021/11/09",2.513
"2021/11/10",2.522
"2021/11/11",2.531
"2021/11/12",2.529
"2021/11/16",2.531
"2021/11/17",2.521
"2021/11/18",2.531
"2021/11/19",2.53
"2021/11/22",2.535
"2021/11/23",2.516
"2021/11/24",2.534
"2021/11/25",2.539
"2021/11/26",2.543
"2021/11/29",2.541
"2021/11/30",2.539
"2021/12/01",2.536
"2021/12/02",2.533
"2021/12/03",2.533
"2021/12/06",2.54
"2021/12/07",2.533
"2021/12/09",2.533
"2021/12/10",2.53
"2021/12/13",2.531
"2021/12/14",2.524
"2021/12/15",2.524
"2021/12/16",2.522
"2021/12/17",2.519
"2021/12/20",3.003
"2021/12/21",2.989
"2021/12/22",2.992
"2021/12/23",2.996
"2021/12/24",2.999
"2021/12/27",3.001
"2021/12/28",2.998
"2021/12/29",2.997
"2021/12/30",2.989
"2022/01/03",2.998
"2022/01/04",2.981
"2022/01/05",2.995
"2022/01/06",2.998
"2022/01/07",3
"2022/01/11",3.001
"2022/01/12",3.001
"2022/01/13",3.002
"2022/01/14",3.007
"2022/01/17",3.016
"2022/01/18",3.054
"2022/01/19",3.03
"2022/01/20",3.038
"2022/01/21",3.022
"2022/01/24",3.017
"2022/01/25",3.013
"2022/01/26",3.015
"2022/01/27",3.014
"2022/01/28",3.015
"2022/01/31",4.007
"2022/02/01",4.013
"2022/02/02",4.015
"2022/02/03",4.018
"2022/02/04",4.017
"2022/02/07",4.018
"2022/02/08",4.012
"2022/02/09",4.016
"2022/02/10",4.016
"2022/02/11",4.01
"2022/02/14",4.01
"2022/02/15",4.008
"2022/02/16",4.008
"2022/02/17",4
"2022/02/18",4.004
"2022/02/21",4.01
"2022/02/22",4.015
"2022/02/23",4.01
"2022/02/24",4.018
"2022/02/25",4.008
"2022/02/28",4
"2022/03/01",3.997
"2022/03/02",4.003
"2022/03/03",4.004
"2022/03/04",4.001
"2022/03/07",4.005
"2022/03/08",4.012
"2022/03/09",4.008
"2022/03/10",3.994
"2022/03/11",3.964
"2022/03/14",3.941
"2022/03/15",3.856
"2022/03/16",3.948
"2022/03/17",4
"2022/03/18",4.001
"2022/03/22",4.004
"2022/03/23",4.004
"2022/03/24",4.008
"2022/03/25",4.007
"2022/03/28",4.003
"2022/03/29",3.974
"2022/03/30",3.988
"2022/03/31",4.009
"2022/04/01",4.997
"2022/04/04",4.999
"2022/04/05",4.993
"2022/04/06",4.993
"2022/04/07",4.977
"2022/04/08",4.976
"2022/04/11",4.976
"2022/04/12",4.974
"2022/04/13",4.989
"2022/04/18",4.995
"2022/04/19",4.999
"2022/04/20",5.003
"2022/04/21",5.008
"2022/04/22",5.007
"2022/04/25",4.999
"2022/04/26",4.99
"2022/04/27",4.993
"2022/04/28",5.003
"2022/04/29",5.008
"2022/05/02",6.006
"2022/05/03",6.011
"2022/05/04",6.006
"2022/05/05",5.998
"2022/05/06",5.981
"2022/05/09",5.981
"2022/05/10",5.95
"2022/05/11",5.97
"2022/05/12",5.966
"2022/05/13",5.989
"2022/05/16",5.996
"2022/05/17",5.999
"2022/05/18",6.001
"2022/05/19",6.003
"2022/05/20",6.003
"2022/05/23",6.003
"2022/05/24",6.004
"2022/05/25",6.005
"2022/05/26",6.005
"2022/05/27",6.007
"2022/05/31",6.007
"2022/06/01",6.02
"2022/06/02",6.025
"2022/06/03",6.025
"2022/06/06",6.032
"2022/06/07",6.042
"2022/06/08",6.032
"2022/06/09",6.034
"2022/06/10",6.034
"2022/06/13",6.045
"2022/06/14",6.03
"2022/06/15",6.007
"2022/06/16",6.012